Arabic,arabic10,Please call Stella ask her to bring these things with her from the store 6 pools of fresh snow Peas 5 thick slabs of blue cheese and maybe a snakeFor a snack for her brother Bob We also need a small plastic snake and a big toy frog for the kids she can scoop these things23 red bags and we will go meet her Wednesday at the train station,35,51,,,,,,
Arabic,arabic11,Please call Stella ask her to bring these things with her from the store 6 spoons fresh snow peace 5 thickFor her brother book we also need a small plastic snack andDay at the train station,164,51,,,,,,
Arabic,arabic12,Please call Stella ask her to bring these things with her from the store 6 points of fresh snow peas 55Slabs of blue cheese and maybe a snack or her brother Bob We also need a small plastic snake and a big toy frog for the kids she canScoop these things and 23 right back and we will go meet her Wednesday at the train station,37,41,,,,,,
Arabic,arabic13,Please call Stella ask her to bring the thing with her from the store 6 spoons of fresh snow Peas 5 thick slab of blue cheese and maybe its neck for her brother BobAlso need small plastic snake and a big toy frog for the kids she can scoop These things into 3 Red bags and we will go meet her Wednesday at the train station,30,58,,,,,,
Arabic,arabic14,Please call Stella ask her to bring these things with her form5 thick slabs of blue cheese and MayToy from for the kids she can scrub these things into the 3 red bagsThe train station,171,46,,,,,,
Arabic,arabic10,Please call Stella ask her to bring these things with her from the store 6 pools or fresh snow Peas 5 thick slabs of blue cheese and maybe a snakeFor a snack for her brother Bob We also need a small plastic snake and a big toy frog for the kids she can scoop these things23 red bags and we will go meet her Wednesday at the train station,36,52,,,,,,
Arabic,arabic11,Please call Stella ask her to bring these things with her from the store 6 spoons fresh snow peace 56For her brother book We also need a small plastic snack and a BayDay at the train station,163,52,,,,,,
Arabic,arabic12,Please call Stella ask her to bring these things with her from the store 6 points of fresh snow 55Slabs of blue cheese and maybe a snack for her brother Bob We also need a small plastic snake and a big toy frog for their kids she canScoop these things and 23 red bags and we will go meet her Wednesday at the train station,37,38,,,,,,
Arabic,arabic13,Please call Stella ask her to bring these things with her from the store 6 spoons of fresh snow Peas 5 thick slab of blue cheese and maybe a snack for her brother BobAlso need small plastic snake and a big toy frog for the kids she can scoop These things into 3 Red bags and we will go meet her Wednesday at the train station,23,58,,,,,,
Arabic,arabic14,Please call Stella ask her to bring these things with her form5 thick slabs of blue cheese and MayToy from for the kids she can scrub these things into the 3 red bagsThe train station,171,46,,,,,,
Arabic,arabic15,Please call Stella ask her to bring these things with her from to stop to the store from the store 6 pounds of fresh snow Peas 5 thick slabs of blue cheese and maybe snakeOff her brother Bob we also need a small plastic snack and a big a big toy from the liberal from for the kids she can scoop this thingIn 3 in 23 Red Bugs and we will go meet her Wednesday at the train station,79,53,,,,,,
Arabic,arabic1,Please call Stella ask her to bring this things with her from the store 6 spoon of fresh snow bees 5Slip of blue cheese and maybe a snake for her brother but we also need a small plastic snake and big toyPlug for the kids she can scoop this things into 3 Red bags and we will go meet here When is day at the train station,49,35,,,,,,
Arabic,arabic2,Please call Stella ask her to bring these things with her from the store 6 spoons of fresh snow Peas 5 thick slabs of blue cheese and maybe a snack for her brother Bob we alsoNeed a small plastic snake and a big toy frog for the kids she can scoop These things into the 3 red bags and we will go meet her Wednesday at the train station,15,52,,,,,,
Arabic,arabic3,Please call still still a ask her to bring these things with her from the store 6 points of fresh snow peace pipe fixOf glow cheese and maybe a snack for her brother Bob you also need a small plastic snack and big toyFought for the kids for their kids she can scope these things into 3 red bags andThe train station,100,35,,,,,,
Arabic,arabic4,Please call Stella ask her to bring these things with her from the store 6 spoons of fresh snow Peas 56 laps of blue cheese And maybe's not call her brother Bob We also need a small plastic snake at the victory flagOut of the kids she can scoop these things into 3 Red bags and we'll go meet here Wednesday at the train station,54,38,,,,,,
Arabic,arabic5,Please gosala ask her to bring these things with her from the store 6 spoons of fresh snow Peas 5 thick slabs of blue cheese and maybe a snack for her brother Bob weAlso need a small plastic snake and the big toy frog for the kids she can scoop These things into 3 Red bags and we will go meet her Wednesday at this trainAnd,37,38,,,,,,
Arabic,arabic6,Please call still ask her to bring these things with her from the store 6 pounds of fresh snow Peas 56 laps of Crow cheese and maybe a snake for her brother pop We also need a small classicsUnder big toy frog for the kids she can scrub this These things into 3 Red Badge and we will go meet her Wednesday at the train station,58,38,,,,,,
Arabic,arabic7,Please call Stella ask her to bring these things with her from from the store 6 spoons of fresh snow Peas 5 thick slabs of blue cheese and maybe a snack for her brother BobI also need a small plastic snack at a big toy frog for the kids she can scoop These things into 3 Redbacks and we will go meet her Wednesday meet her Wednesday at the train station,50,41,,,,,,
Arabic,arabic8,Please call Stella ask her to bring these things with her from the store 6 pounds of fresh snow Peas 56 slabs of blue cheese and maybe snack for her brotherBob Bob we also need a small plastic snake and the big toy frog for the kids she can scope These things into 3 Red bugs and we will go meet her Wednesday at the train station,36,43,,,,,,
Chinese,cantonese10,Please call Stella ask her to bring these things with her from the store 6 spoons of brush No peace 5 fix nap of blue cheese and maybe a snack for her brother Bob We also need a small plastic snake and a big toy flock for the keyShe can scoop these things into free Redbacks and we will go meet her Wednesday at the chain station,39,36,,,,,,
Chinese,cantonese11,Please call style and ask her to bring these things weather from the store sisters are fresh snow Peas 5 take snaps of blue cheese and his neck for her brother Bob also need a small plastic snake and the big toyThis rock for the kids scare scoop these things into 3 Redbacks and we will go meet her Wednesday at the train station,66,33,,,,,,
Chinese,cantonese12,Please call Stella ask her to bring those things with her from the store 6 spoons of fresh snow Peas 56 laps of blue cheese and maybe a snack for a brother Bob We also need a small plastic snakeAnd a big toy frog for the kids she can scoop distinct into 3 Red banks and we will go meet her Wednesday at the train station,39,43,,,,,,
Chinese,cantonese13,Please call cela ask her to bring these things with her from the store 6 spoons of fresh new piece 5 fixed lips of blue cheese and maybe a snack for brother BobWe also need a small plastic snake and a big toy frog for the kids she can scoop these things into 3 Redbacks and who will go meter Wednesday at the train station,45,36,,,,,,
Chinese,cantonese14,Please call Stella I said to bring this things with her from the store 6 bones out fresh no peace 5 thick slabs of bleach is maybe a snack for her brother Bob We also need a small plastic snack and a big toy Frankford Kiss she canStop This thanks into 3 Trackbacks and we will go meet her Wednesday in the train station,68,33,,,,,,
Chinese,cantonese15,Please call Stella ask her to bring these things with her from the store's explains of fresh snow Peas file take steps of blue cheese and maybe a snack for her brother Bob We also need a small plastic snake and VictorLock for the kids she can school these things into 3 red bags and will go meet her Wednesday at the train station,40,43,,,,,,
Chinese,cantonese1,Please call Stella ask her to bring these things with her refer from the store sick spoon of fresh snow Peas 5 fix naps of fruit trees and maybe a snake for her brotherBob we also need a small practice snake and a big toy force for Kiss She can split this rings into 3 representWe will go meet her Wednesday at the train station,66,56,,,,,,
Chinese,cantonese2,Peace Corps day to ask her to bring this frame with her from the store 6 spoons of fresh snow peas files takesFor her for her bother Bowl We also only a small pathShe Shakin spoon this phone into free web pass and we will go meet her Wednesday at train station,133,41,,,,,,
Chinese,cantonese3,Please call Stella ask her to bring these things with her from the store 6 Windsor fresh snow Peas perfect laptop blue cheese and maybe a snack for Bob small plastic snakeShe can skip these things in the 3 red bags and we will go meet her Wednesday at a train station,98,56,,,,,,
Chinese,cantonese4,Please call Stan are as had to bring the things with her from the store's expose of fresh slow piece 5 Smith Rd race and MayBS neck for her brother Bop We also only a small past snake and a big toy frog for a kissAnd we will go meet her Wednesday and the train station,114,40,,,,,,
Chinese,cantonese5,Please call Stella ask her to bring these things with her from the store 6 spoons of fresh snow Peace 5 thick slabs of blue cheese and maybe a snake for herMother bulb we allOh meter last day at the train station,146,41,,,,,,
Chinese,cantonese6,Please call stellar ask her to bring these things with her from the store's experience of fresh snow Peas 5 thick slabs of blue cheese and maybe a snack for her brotherBob we also need a small plastic snake and a big toy frog for the kids she can scoop These things into 3 Red bags and we will go meet her Wednesday at the train station,23,37,,,,,,
Chinese,cantonese7,Please call Stella asked her to bring these things with her from the store 6 points of fresh snow Peas 5 thick slabs of blue cheese and maybe a snack for her brother Bob we also knowA small plastic snake and a big toy frog for the kids she can scoop these things into 3 Red bags and we will go meet her Wednesday at the train station,26,26,,,,,,
Chinese,cantonese8,Please call Stella ask her to bring these things with her from the store 6 spoons of fresh snow Peas 56 laps A blue cheese And maybe a snack for her brother Bob We also need a small plastic snake and a big toy frog for the kids chicken scriptThanks into 3 red bags and we will meet her Wednesday at the train station,44,39,,,,,,
USenglish,english10,Please call Stella ask her to bring these things with her from the store 6 spoons of fresh snow Peas 5 thick slabs of blue cheese and maybe a snack for her brother Bob We also need a small plastic snake in a big toy frog for the kidsWill scoop these things up into 3 red bags and we will go meet her Wednesday at the train station,29,23,,,,,,
UKenglish,english11,Please call Stella ask you to bring these things with her from the store 6 spoons of fresh snow Peas 5 thick slabs of blue cheese and maybe a snack for her brother Bob We also need a small plastic snake and a big toy frog for the kidsShe can scoop these things into 3 red bags We will go meet her Wednesday at the train station,24,33,,,,,,
UKenglish,english12,Please call Stella ask her to bring these things with her from the store 6 spoons of fresh snow Peas 5 thick slabs of blue cheese and maybe a snack for her brother bulb We also need a small plasticsJake and the big toy frog for the kids so you can scoop these things that are 3 red Banks and we go and we will go meet her Wednesday at the train station,42,35,,,,,,
UKenglish,english13,Please call Stella ask her to bring these things with her from the store 6 spoons of fresh snow Peas 5 thick slabs of blue cheese and maybe a snack for her brother born we also needThe small plastic snake and a big toy frog for the kids she can scoop These things into 3 Red Bangs and we will go meet her on Wednesday at the train station,24,24,,,,,,
UKenglish,english14,Please call Stella ask you to bring these things with her from the store 6 spoons of fresh snow Peas 5 thick slabs of blue cheese and maybe a snack for a brother Bob We also need a small plastic snake in a big toy frog for the kids she can scriptThings into 3 red bags and we will go to meeting Wednesday at the train station,39,40,,,,,,
USenglish,english15,Please call Stella ask her to bring these things from her with her from the store 6 pounds of fresh snow Peas Pathic slides of blue cheese and maybe a snack for her brother BobWe also need a small plastic snake in a big toy from her for the kids she can scoop These things into 3 Red bags and we will go meet her Wednesday at the train station,41,26,,,,,,
USenglish,english1,Please call Stella ask you to bring these things with her from the store 6 spoons of fresh snow Peas 5 thick slabs of blue cheese and maybe a snack for her brother Bob We also need a small plastic snake in a big toy frog for thatKids she can scoop these things into 3 red bags and we will go meet her Wednesday at the train station,23,23,,,,,,
UKenglish,english2,Please call Stella ask her to bring these things with their from the store 6 spoons of fresh snow Peas 5 thick slabs of blue cheese and maybe a snack for her brother Bob We also need a small plastic snake and a big toy frog for the kidsShe can scoop these things into 3 red bags and we will go meet her Wednesday at the train station,19,20,,,,,,
English,english3,Please call Stella ask her to bring these things with her from the store 6 spoons of fresh snow Peas 5 thick slabs of blue cheese and maybe a snack for her brother Bob We also need a small plastic snake in a big toy frog for the kids she can scoop Please send intoFree red bags and we will go meet her Wednesday at the train station,24,44,,,,,,
English,english4,Please call Stella ask her to bring these things with her from the store 6 spoons of fresh snow Peas 5 thick slabs of blue cheese andMaybe a snack for her brother Bob We also need a small plastic snake and a big toy frog for the kids she can scoop these things into 3 red bagsAnd we will go next commit are Wednesday at the train station,29,41,,,,,,
USenglish,english5,Please call Stella ask her to bring these things with her from the store 6 spoons of fresh snow Peas 5 thick slabs of blue cheese and maybe a snackFor her brother Bob we also need a small plastic snake and a big toy frog for the kids she can scoop these things in 23 Red bags and we will meet her Wednesday at the train station,22,33,,,,,,
USenglish,english6,Please call Stella ask her to bring those things with her from the store 6 spoons of fresh snow Peas 5 thick slabs of blue cheese and maybe a snack for her brother brought Bob we also need a small place6 snake and a big toy frog for the kids she can scoop these things into 3 Red bags and we will go meet her Wednesday at the train station,28,38,,,,,,
USenglish,english7,Please call Stella ask her to bring these things weather from the store's expensive fresh snow Peas fast that slabs of blue cheese and maybe a snack for her brother Bob We also need a smallPlastic snake and a big toy frog for the kids she can scoop these things and 3 plastic bags and will go meet her Wednesday at the train station,39,22,,,,,,
English,english8,Please call Stella ask her to bring these things with her from the store 6 spoons of fresh snow Peas 5 thick slabs of blue cheese and maybe a snack for her brother Bob We also need a small plastic snake and a big toy frog for the kidsShe can scoop these things into 3 red bags and we will go meet her Wednesday at the train station,17,37,,,,,,
French,french10,Please call Stella ask her to bring these things with her from the store 6 spoons of fresh snow Peas 5 thick slabs of blue cheese and maybe a snack for her brother Bob We also need a small plastic snake and a bigToy frog for the kids she can scoop this things into 3 Red bags and we will go meet her Wednesday at the train station,19,26,,,,,,
French,french11,Peace Corps Stella ask her to bring these things with her from the store 6 spoons of fresh snow Peas 5 thick slabs of blue cheese and maybe a snack for her brother Bob We also need a small plastic snake and a big toy frog Father KidsShe can scoop these things into 3 red bugs and will go meet her Wednesday at the train station,31,28,,,,,,
French,french12,Please call Stella ask her to bring these things with her from the store 6 spoons of fresh snow Peas 5 thick slabs of blue cheese and maybe a snack for her brother Bob We also need a small plastic snake in a bigThe frog for the kids she can scoop these things into 3 Red bags and we will go meet her Wednesday at the train station,21,28,,,,,,
French,french13,Please call Stella ask her to bring these things with her from the store 6 pounds of fresh snow Peas 56 slabs of blue cheese and maybe a snack for brother Bob We also need a small plastic snake in a big toy frog for thatKids chickens could be saying to stray red bags and will go meet her Wednesday at the train station,55,33,,,,,,
French,french14,Please call Stella ask her to bring these things with her from the store 6 pounds of fresh snow Peas 5 thick slabs of blue cheese and maybe a snack for her brother Bob We also need a small placeSnake and a big toy frog for the kids she conscripts These things into 3 Red bugs and we will go meet her Wednesday at the train station,30,34,,,,,,
French,french15,Please call Sela's got to bring these things with their from the store 6 points of fresh snow Peas 5 thick slab of blue cheese and will be a stack for brother Bob We also need a small plastic snake and the big toyTruck for the kids she can screw these things into 3 red bags and recommit Wednesday at the train station,66,40,,,,,,
French,french1,Please call Stella ask her to bring his things with her from the store 6 points of Fresno fresh snow Peas 5 fix lips of blue cheese and maybe a snack for her brother Bob we areI need a small plastic snake and a big torfrock for the kids she can skip this things into 3 Red bags and we will go meet meet her Wednesday at the train station,52,51,,,,,,
French,french2,Please call Stella ask her to bring this things with her from the store 6 spoons of fresh snow peace 5 thickLapse of blue cheese and maybe a snack for her brother Bob We also need small plastic snake and big turtle frog for the kidsShe can scoop these things into their into 3 red bags and we will go meet her witness day at the train station,42,38,,,,,,
French,french3,Please call Stella's going to bring these things with her from the store 6 spoons of fresh snow Peas with thick slabs of blue cheese and maybe a snack for her brother Bob we also need USMPlastic snake and a big toy frog from the kids she can scoop these things in 23 Red bags and we will go meet Wednesday at the train station,36,56,,,,,,
French,french4,Please please call Stella Husky to bring these think we have heard from the store 6 spoon or fresh new piece 5 slaps of blue cheeseAnd maybe a snack for her brother Bob we also need a small plasticSink into true red bags and you will go meet her Wednesday at the train station,113,47,,,,,,
French,french5,Please call Stella ask her to bring this thing with her from the store 6 spoon of fresh snow Peas 56 slabs of blue cheese and maybe itSnap for her brother Bob we also need a small plasticThese things into 3 red bugs and we will go meet her Wednesday at the train station,84,36,,,,,,
French,french6,Please call Stara ask her to bring these things with her from the store 6 points of fresh snow Peas 5 thick slabs of blue cheese and maybe a snack for her brother Bob we also needSmall plastic snake and big toy frog for the kids she can scoop these things into free red bags and we will go meet her Wednesday at the train station,24,30,,,,,,
French,french7,Please call Stella ask her to bring these things with her from the store 6 spoons of fresh snow Peas 5 thick slabs of blue cheese and maybe a snack for her brother Bob We also need a small plastic snakeBig toy frog for the kids she can scoop these things into tree red bags and we will go meet her Wednesday at the train station,19,46,,,,,,
French,french8,Please call Stella ask her to bring these things with her from the star 6 spoons of fresh no peace 5 takes lapse of blue cheese and maybe a snackSo her boredom book We also need to small plastic snake and a big toy frog for tickets She can school these things into their pre Redbacks andWill go meet her Wednesday at the train station,55,31,,,,,,
German,german10,Please call Stella ask her to bring these things without from the store 6 spoons of fresh snow Peas far thick slabs of blue cheese and maybe snag for a brother Bob We also need a small plastic snake in the big tire frog for theKids she can skip these things into 3 red bags and we will go meet on Wednesday at the train station,41,30,,,,,,
German,german11,Please call Stella ask her to bring these things refer from the store 6 spoons of rest No peace 5 thick slabs of blue cheese and maybe a snack for a brother Bob We also need a small plastic snake and the big toy forFor the kids chicken coop these things and the theory Redbacks and we will go meet it went me to Wednesday at the train station,62,32,,,,,,
German,german12,Please call Stella ask her to bring these things with her from the store 6 spoons of fresh snow Peas 5 thick slabs of blue cheese and maybe a snack for her brother Bob We also need a small plasticsAnd the big toy frog for the kids she can scoop these things into 3 Redbacks and we will go meet her Wednesday at the train station,28,35,,,,,,
German,german13,Please call Stella ask her to bring these things with her from the store 6 spoons of fresh snow Peas 5 thick slabs of blue cheese and maybe a snack for her brother Bob we also need'sPlastic snake and a big toy frog for the kids she can scoop these things into 3 Redbacks and we will go meet her Wednesday at the train station,27,35,,,,,,
German,german14,Please call Stella ask her to bring these things with her from the store 6 bones of fresh snow Peas 5 thick slabs of blue cheese and maybe a snack from a brother Bob We also need a small plasticsToy frog for the kids she can scoop these things into free red bags and we will go meet her Wednesday at the train station,38,30,,,,,,
German,german15,Please call Stella ask her to bring these things with her from the store 6 spoons of fresh snow Peace 5 thick slabs of blue cheese and maybe a snack for her brother Bob We also need a small plastic snake andToy frog for the kids she can scoop these things into 3 Redbacks and we will go meet her Wednesday at the train station,28,39,,,,,,
German,german1,Please call Stella ask her to bring these things with her from the store 6 spoons of fresh snow Peas 56 laps of blue cheese and maybe a snack for her brother BobAlso need a small plastic snake and a big toy frog for the kids she can scoop These things into sleeve red bags and we will go meet her Wednesday at the train station,27,33,,,,,,
German,german2,Please call Stella ask her to bring these things with her from the store 6 spoons of fresh snow Peas 56 laps of blue cheese and maybe a snack for her brother Bob We also need a small plasticSnake in the big toy frog for the kids she can scoop these things into 3 Red bags and will go meet her Wednesday at the train station,33,29,,,,,,
German,german3,Please call stellar ask her to bring these things with her from the store 6 spoons of fresh snow Peas 56 slabs of blue cheese And maybe a snack for her brother Bob We also need a small plastic snake in a big toyFor the kids we can scoop these things into 3 red bags and we will go meter Wednesday at the train station,35,34,,,,,,
German,german4,Please call Stella ask her to bring these things with her from the store 6 spoons of Fresno Peace 5 thick slabs of blue cheese and maybe a snack for her brother Bob We also need a small plasticMegan a big toy frog for the kids she can scoop these things into 3 Red bags and we'll go meet her Wednesday at the train station,32,37,,,,,,
German,german5,Please call Stella ask her to bring these things with her from the store 6 spoons of fresh snow Peas 5 thick slabs of blue cheese and maybe a snack for her brother BobWe also need a small plastic snake and a big toy frog for the kids she can scoop These things into 3 Red bags and we will go meet her Wednesday at the train station,17,34,,,,,,
German,german6,Please call Stella ask her to bring these things with her from the store 6 spoons of fresh snow Peas 5 thick slabs of blue cheese and maybe a snack for her brother Bob we also needInto small plastic snake and a big toy frog for the kids she can scoop these things into 3 Red bags and we will go meet her Wednesday at the train station,20,25,,,,,,
German,german7,Please call Stella ask her to bring these things with her from the store 6 spoons of fresh snow Peas 5 thick slabs of blue cheese and maybe a snack for her brother Bob We also need a small plastic snake and the big toy frogKids she can scoop these things into 3 red bags and we will go meet her Wednesday at the train station,28,31,,,,,,
German,german8,Please call Stella ask her bring these things with our from this door see experience of fresh snow Peas 56 laps of blue cheese And maybe a snack for A Brother Bar We also need a small plastic snake in a big toy frog for the kids she canKeep these things into 3 right bags and we will go meet her Wednesday at the train station,56,31,,,,,,
Tagalog,tagalog10,Please call Stella ask her to bring things with her from the store 6 points of fresh snow Peas 5 thick slabs of blue cheese And maybe a snack for her brother Bob We also need a small plastic snake in a big toy from pretty kidsShe can skip this things into 3 red bar bags and we will go meet her When is there the train station,50,39,,,,,,
Tagalog,tagalog11,Please call estella ask her to bring these things with her from the store 6 spoon oppressed snow Peas by big slab of blue cheese and maybe a snack for her brother Bob we also needSmall plastic snake and a big toy frog for the kids sick and scoop These things into 3 Red bugs and we will go met her Wednesday at the train station,39,41,,,,,,
Tagalog,tagalog12,Please call Stella ask her to bring these things with her from the store 6 spoons of fresh snow Peas 5 thick slabs of blue cheese and maybe a snackFor her brother Bob we also need a small plastic snake and a big toy frog for the kids she can scoop this things into 3 red bags and we will go meet her When is theBe at the train station,29,51,,,,,,
Tagalog,tagalog13,Please call estella ask her to bring these things with her from the store 6 spoons of fresh snow peas56 slabs of blue cheese and maybe it's not for her brother Bob We also need a small plastic snake in aBig toy friend for the kids sick andThe train station,110,43,,,,,,
Tagalog,tagalog14,Please call Stella ask her to bring these things with her from the store 6 spoon or fresh snow peace Fidyk slab of blue cheese and maybe a snack for her brotherBut we also need a small plastic snake and a big toy proud for the kids she can scoop this thing into 3 Red bugs and we will go meet herWednesday on the train station,37,46,,,,,,
Tagalog,tagalog15,Please call Stella ask her to bring this things with her from the store 6 spoons of fresh snow Peas 5 thick slabs of blue cheeseAnd maybe a snack for her brother Bob We also need a small plastic snake in a big toy frog for the kids she can scoop this things into 3 red bagsAnd we will go meet her Wednesday at the train station,24,30,,,,,,
Tagalog,tagalog1,Please call Stella ask her to bring these things with her from the store explains of fresh snow Peas 5 thick slabs of blue cheese And maybe a snap for her brother Bob you also need a small plastic snake in a big toyRun for the kids she can scoop these things into 3 bags and we will go meet her Wednesday at the train station,34,40,,,,,,
Tagalog,tagalog2,Please call Stella ask her to bring these things with her from the store 6 pounds of fresh snow Peas 55 thick slabs of blue cheese and maybe a snack for her braBob we also need a small plastic snake in a big toy for fraud for the kids We can scoop things These things into 3 Red bags and we will go meet her once they at the train station,51,38,,,,,,
Tagalog,tagalog3,Please call Stella ask her to bring these things with her from the store 6 spoons of fresh know bees 5 thick slabs of blue cheese and maybe a snack for her brother Bob we allThe need a small plastic snake and a big toy frog for the kids she can scoop These things into 3 Red bags and we will go meet her Wednesday at the train station,23,40,,,,,,
Tagalog,tagalog4,Please call Stella asked her to bring these things was her from the store to expose of fresh snow Beast 56 laps and blue cheese and maybe a snack for my brother Bob we also need a smallPlastic snake and a big toy frog 40 kids she can scoop these things into 3 Red bags and we will go meet her Wednesday at the train station,49,36,,,,,,
Tagalog,tagalog5,Please call Stella ask her to bring these things with her from the store 6 spoons of fresh snow piece by thick slabs of blue cheese and maybe a snack for her brother Bob we alsoNeed a small plastic snake and a big toy frog for the kids she can scoop These things into 3 Red bags and we will go meet her Wednesday at the train station,20,26,,,,,,
Tagalog,tagalog6,Please call Stella ask her to bring these things with her from the store 6 spoons of fresh snow piece by big slabs of blue cheese and maybe a snack for her brother Bob We also need a small plastic snake in a big toy frog for the kidsShe can scoop these things into 3 red bags and we will go meet her Wednesday at the train station,26,38,,,,,,
Tagalog,tagalog7,Please call Stella answer to bring these things with her from the store 6 points of fresh snow Peace 5 thick slabs of blue cheese and maybe a snack for her brother Bob we also needSmall plastic snake in a big toy frog for the kids she can scoop these things into 3 Red bags and we will go meet her Wednesday at the train station,30,39,,,,,,
Tagalog,tagalog8,Please call estella ask her to bring these things with her from the store 6 sponsor press know piece by big slab of blue cheese and maybe a snack for her brother Bob We also need a smallPlastic snake and a big toy prog border kids sick and scoop These 3 things into 3 Red bags and we will go meet her Wednesday at the train station,45,33,,,,,,
Spanish,spanish10,Please call Estela as her to bring this and things with her from the store 6 bones on French has no penis 5 Things loves of blue cheese and maybeLook for her brother Bob we also need a small plastic snake in a big toy fro from the kills checking in scope dissing into 3 rail bags and we weGo meet her weather today and the train stature,95,49,,,,,,
Spanish,spanish11,Please call estella ask her to bring these things with her from the store 6 exponents of fresh is no peace 5 thick slabs of blue cheeseAnd maybe I snapped for her brother Bob We also need a small plastic's neck in a big toy proper the kids3 Redbacks and we will go meet her Wednesday at the train station,80,67,,,,,,
Spanish,spanish12,Please call still a** headUnless I be BS animal file fightingWe also need a small plastic snake and a big toyTesting into 3 Red Band and we will go meet here with my other train,199,43,,,,,,
Spanish,spanish13,Please call Stella ask her to bring these things with her from with her from the store 6 pounds of fresh snow Peas 5 thick slabs of blue cheese and maybe a snackFor her brother Bob we also need a small plastic snake and a big toy frog for the kids she can scoop These things into 3 Red bags and we will go and we will go meet her winsSay and the train station,53,45,,,,,,
Spanish,spanish14,Please call Stella as her to win these things with her front Lester 6 spoons of fresh snow Peas 5 thinks laugh of blue cheese and maybe and snack for her brotherMap we also need a small plastic snake snake and a big toy float for the kids chicken is cooked These things in told 3 red bags and weAnd go meet her Wednesday and the train station,67,43,,,,,,
Spanish,spanish15,Please call estella ask her to bring these things with her from the store 6 S pools of fresh is not peace by fixes lab of blue cheese and maybe is not for her Droid But we also need is more plastic isAnd if it'll throw for the kids chicken is cooked things into 3 Red bugs and we will go meet her Wednesday at the train station,79,49,,,,,,
Spanish,spanish1,Please call Estela ask her to bring these things with her from the store 6 spoons or fresh is no peace 5 thick is love of blue cheese maybeThanks knack for her brother Bob We also need a small plastic snake and a big toy truck for the keys She can exclude these things into 3 red bags and we will goTo meet her Wednesday and the train station,55,48,,,,,,
Spanish,spanish2,Please go stale a ask her to bring these teens with her from the store 6 spoons of fresh snow Peas 55 teeth slaps of blue cheeseAnd maybe a snack for her brother Bob We also need a small plastic snake and a bit toy from frog for the kids she can scoop this things into 3Max and we will go meet here Wednesday at the train station,49,49,,,,,,
Spanish,spanish3,Please call estella ask her to bring these things with her from the store 6 spoons of fresh is no beans 5 things slaps of blue cheeseAnd maybe I snapped for her brother Bob We also need a small plastic is naked Big toy frog for the kids chicken coop this these things into otherBanks and we will go meet her Wednesday at the train station,54,51,,,,,,
Spanish,spanish4,Please call Stella ask her to bring these things with her with her from the store 6 spoons of each snow peas 5Slabs of blue she's in maybe a snack for her brother Po He also need a small plastic is not in a big toy from for thatShe King is Cove these things into 3 red bags and will go meet their meet her Wednesday at the train station,80,36,,,,,,
Spanish,spanish5,Please call Stella ask her to bring these things from ask you to bring these things with her from the store 6 bones of fresh snow Peas 5 thick slabs or blue cheese and maybe a snack for her brother Bob We also need a smallPlastic snake and a big toy frog for the kids she can scoop these things into 3 bread bags and we will go meet her Wednesday at the train station,59,43,,,,,,
Spanish,spanish6,Please call estella ask her to bring these things with her from the store 6 bones of fresh snow Peas 5 X lapse of wishes and maybe a snack for her brother BobWe also need a small plastic snake and a big toy frog for the kids chicken is cooked This things into 3 Red box and we will go meet here Wednesday at the train station,54,49,,,,,,
Spanish,spanish7,Please call Stella ask her to bring these things with her from the store 64 spoons or phrase is no snow beans 5 things love of blue cheeseAnd maybe a snack for her brother Bob We also need that small plastic a snack and a big toy from for the kids she can scoop these things into 3 read backAnd we will go to we will go meet her Wednesday on the train station,63,40,,,,,,
Spanish,spanish8,Please call Stella as her to bring these things with her from the store 6 spoons of fresh snow Peas fight takes loves of blue cheese and maybe a snack for her brother BobWe also need a small plastic snake and a big toy frog for the kids she can scoop These things into 3 Red bags and we will go meet her Wednesday at the train station,25,51,,,,,,
Vietnamese,vietnamese10,Please call Stella ask her to bring these things with her from the store 6 spoons of fresh snow peas53 slabs of blue cheese and maybe a snack for her brother Bob We also need a small plastic snakeMake Thai from for the kids she can skip these things into 3 right backs and we will go meet her Wednesday at theTrain station,44,52,,,,,,
Vietnamese,vietnamese11,List cost filler ask her to bring these things with her from the store's expose of fresh snow space 5 thick slips up blue cheese andMaybe it's like for her brother Bob We also need a small black stick snake and the big toy front for the kicks She can skip these things into 3 red bags and we willAnd we will meet her Wednesday it at the train station,74,34,,,,,,
Vietnamese,vietnamese12,Please call Stella ask her to bring these things with her from the store 6 boots or fresh snow Peas 56 laps and blue cheese and maybe a snack for her brother Bob We also need a small plastic snakeIn the big toy frog for the kids she can scoop these things into 3 Red bags and we will go meet her Wednesday at the train station,37,35,,,,,,
Vietnamese,vietnamese13,Please call Stella ask her to bring these things with her from the store 6 forms of breast Nope East Fife Lake slabs of blue cheese and maybe a snack for Brother Bop We also need a small plastic snake and bigQuite proper the kids she can scoop these things until 3 Red box and we will go meet her Wednesday and translation,61,56,,,,,,
Vietnamese,vietnamese14,Play Costilla A** heard of Windows 10 with her from the store 6 pools of rest snow piece by tech slap a blue cheese and maybeSnap for her brother Bob We also need a small plastic snack and big toy frogs for the kids she can scoop those thing into 3 red back andWe will go meet her Wednesday at the translation,76,56,,,,,,
Vietnamese,vietnamese15,Free Costilla Asher to bring these things with her from the store Sis bones of Fresno Please fight is slap up blue cheeseMaybe a snake for her brother but we also need a small flat state snake end up toy for case C scope details inWho treat bread fast and we will will make her Wednesday at this translation,106,67,,,,,,
Vietnamese,vietnamese1,Please call tele a**Up blue cheese and maybe a snack for her brother Bob We also need a small plastic snack and Victoria Frog for the kidsSo you can scoop these things into 3 red bags and we will go meet her Wednesday at the translation,130,61,,,,,,
Vietnamese,vietnamese2,Lake on Eastern Stana are hurt a brain that things with her from the store spoonsAnd maybe snake for her brother Park We also need small black list snake and big story broke and the kids she can script that thing into the read backAnd we will meet her when days and chain station,139,51,,,,,,
Vietnamese,vietnamese3,Please call Stella's how to print These things with her from store 6 points of fresh snow Peas fojtik slap a blue cheese and maybeIt's not for her product Bob we also need a small plastic snake analyst Ifrah for the keeps second script These things into tree w******* and we will goMeet her Wednesday and a translation,83,46,,,,,,
Vietnamese,vietnamese4,Blake all seller's hard to bring the things with her from store 6 moon of fresh know beast file take slap a blue He's there may be a snack for her brother Bleh also need of small plastic snakeAnd we've toy frog for the keys She keels courtly things into 3 Red bags and we will go meet her Wednesday at the train station,80,47,,,,,,
Vietnamese,vietnamese5,Play con Stella at her to bring these things with her from the store Sis spoons of Fresno Bee's fighting slap up a blue tees and maybe a stand for her brotherWe also need a small practiced's net and a big toy frog for the case sequence group,143,61,,,,,,
Vietnamese,vietnamese6,Leak on Stella Apple to bring this thing with her from the star 6 spoons are pressnell fist file take stopBlue cheese and maybe a snack for her brother mall We don't sound like a small plot is snake and a big tile pop for the kids sickIn 2 chicken breast mass and we will will met him better Westnet Day at the train station,123,46,,,,,,
Vietnamese,vietnamese7,Please call Stella ask her to print these things with her from the store 6 spoons are off Fresno pieced 5 thick slabs of blue cheese and maybe a snackFor her brother bar we also need a small plastic snake and a big toy frog for the kids she can scoop this things into 3 Redbacks and we will go meetWednesday at the train station,44,48,,,,,,
Vietnamese,vietnamese8,Plecos there are asked to bring these things with her from the store 6 Spooner fresh snow Peas 56 laps A blue cheese and maybe your slack for her brother BobWe also need a small plastic snake and a big toy frog for the kids chicken scoop These things into trade right backs and we're going to go meet her Wednesday after train station,74,48,,,,,,
Portuguese,portuguese10,Please coast Allen ask her toNeck for her brother Bob we also need a small plastic snake and a big type frog for the kids she can scoop these things into tree red bags and we will goMeet her Wednesday at the train station,134,32,,,,,,
Portuguese,portuguese11,Please call Stella ask her to bring these things with her from the store 6 spoons of fresh snow Peas 5 thick slabs of blue cheese and maybe a snack for her brother Bob We also need a small placeSnake in a big toy frog for the kids she can scoop these things into 3 Red bags and will go meet her Wednesday at the train station,25,31,,,,,,
Portuguese,portuguese12,Please call Stella ask her to bring these things with her from the store 6 pounds of fresh no peace 56 slabs of blue cheese and maybe a snack for it brother Bob We also need a small plastic snake in the big toy frogFor kids she can scoop these things into 3 red bags and we will go meet her Wednesday at the train station,40,28,,,,,,
Portuguese,portuguese13,Please call Stella ask you to bring these things with her from the store 6 pounds of fresh snow Peas 5 thick slabs and blue cheese and maybe a snack for a brother Bob We also need a small plastic snake in a big toy frog for theShe can skip these things into 3 red bags We will go meet her Wednesday at the train station,43,38,,,,,,
Portuguese,portuguese14,Please call Stella ask her to bring things with her from the store 6 pounds of fresh new snow peace 5 fixed values of blue cheese and maybe a snack for her brother Bob We also need to smoke plus sneak in a big toiletFor the kids she can cope with things in free had bags and then we will go meet her Wednesday at the train station,74,34,,,,,,
Portuguese,portuguese15,Please call Stella ask her to bring these things with her from the store 6 spoons of fresh snow Peas fire fix labs of blue cheese and maybe a snack for her brother Bob We also need the small classSnake and a big toy frog for the kids she can scoop these things into 3 Red bags and we will go meet her Wednesday at the train station,26,60,,,,,,
Portuguese,portuguese1,Please call Stella ask a hand to being the think with headphone distorted 6 spoon of each now pain 5 tripsB**** of blue cheese and maybe a snack before hand broader Bobby when whenIs knocking a big toe frog for the keys She's comWhere we go meet her with knee at this thing station,148,36,,,,,,
Portuguese,portuguese2,Please call Stella ask her to bring this things with her from the store 6 spoons of fresh snow Peas 5 thick slabs of blue cheese and maybe his neck of her brother but we also need a small plastic snakeIn the big toy frog for the kids she can scoop these things into 3 Red bags and we will go meet her Wednesday at the train station,32,54,,,,,,
Portuguese,portuguese3,Please call Stella ask her to bring those things with her from the store sexes is bones of fresh is no peace56 is lives of those of blue cheese and maybe a snack for her brother Bob We also need a small plastic his neck and I bigWhy frog for her kidsThe train station,129,45,,,,,,
Portuguese,portuguese4,Please call style as had to bring these things with her from the store 6 points of fresh snow Peas 5 takes lips of blue cheese and maybe a snack for herBrother Bob we also need a small plastic snake and the big toy frog from the kids she can scoop these thingsOr meet her Wednesday at the train station,66,39,,,,,,
Portuguese,portuguese5,Please calls Tellem ask her to bring these things with her from the store 6 spoons of fresh snow Peas 5 thick slabs of blue cheese and maybe a snack for her brother BobHe we also need the small plastic snake and the big story from frog for his kids she can scoop these things into 3 red bags and we will go meet herWednesday it to the train station,41,26,,,,,,
Portuguese,portuguese6,Please call Stella Oscar to bring these things without from the store 6 pounds of fresh snow Peas 5 thick slabs of blue cheese And maybe a snack for her brother Bob We also need a small plastic snake in the big toy frog for the kids she canGroup these things into 3 Redbacks and we go meet her Wednesday at the train station,45,37,,,,,,
Portuguese,portuguese7,Please call Stella ask her to bring this thing with her from the store 6 pound of fresh snow Peas 5 thick slabs of blue cheese and maybe a snack for her brother Bob We also need as muchBlack snake and the big toy frog for the kids she can scoop these things into 3 rack bags and we will go meet her Wednesday at the train station,39,40,,,,,,
Portuguese,portuguese8,Please call Stella Oscar to bring these things with her from this storm 6 pounds of fresh snow Peas 5 fixed labs or blue cheese and maybe a snack for her brother Bob We also need a small placeSnake and a big toy frog for the kids she can scoop these things that you're free red bags and we'll go meet her Wednesday at the train station,46,33,,,,,,
Hindi,hindi10,Please call Stella ask her to bring these things from her with her from the store 6 spoons of fresh snow Peas 5 thick slabs of blue cheese and maybe a snack for her brother Bob We also need a small plastic snake and a big toy frogFor the kids she can scoop these things into 3 red bags and we will go meet her Wednesday at the train station,26,35,,,,,,
Hindi,hindi11,Please call Stella ask her to bring these things with her from the store 6 spoons of fresh snow Peas 5 thick slabs of blue cheese and maybe a snack for her brother Bob we alsoNeed a small plastic snake and a big toy frog for the kids she can scoop These things into 3 Red bags and we will go meet her Wednesday at the train station,17,38,,,,,,
Hindi,hindi12,Please call Stella ask her to bring these things with her from the store 6 spoons of fresh snow Peas 5 thick slabs of blue cheese and maybe a snap for her brother BobWe also need a small plastic snake and a big toy frog for the kids she can scoop These things into 3 Red bags and we will go meet her Wednesday at the train station,19,42,,,,,,
Hindi,hindi13,Please call Stella ask her to bring these things with her from the store 6 Stones of fresh snow Peas 5 thick slabs of blue cheese and maybe a snackFor her brother Bob we also need our small plastic snake and our big toy frog for the kid sequenceI did go meter Wednesday at the train station,74,39,,,,,,
Hindi,hindi14,Please call Stella ask her to bring these things with her from the store 6 spoons of fresh snow Peas 5 take steps of blue cheese and maybe a snack for her brother BobWe also need a small plastic snake and a big toy frog for the kids she can scoop These things into 3 Redbacks and we will go meet her wetness day at the train station,30,25,,,,,,
Hindi,hindi15,Please call Stella ask her to bring these things with her from the store 6 spoons of fresh snow Peas 5 thick slabs of blue cheese and maybe a snack for her brother Bob We also need a small plastic snake and a big toy frogThe kids she can Scoobies things into 3 red bags and we will go meet her Wednesday at the train station,26,34,,,,,,
Hindi,hindi1,Please call Stella ask her to bring these things with her from the store 6 spoons of fresh snow Peas 56 laps or blue cheese and maybe a stack of snack for her brother Bob We also need a small classText Nate and big toy frog for the kids she can scoop these things into 3 Red bags and we will go meet her Wednesday at the train station,43,54,,,,,,
Hindi,hindi2,Please call Stella ask her to bring these things with her from the store 6 spoonsPlastic snake in a big toy frog for the kids she can scoop these things in a tree Redbacks and will go meet her Wednesday at the train station,129,32,,,,,,
Hindi,hindi3,Please call Stella ask her to bring these things with her from the store 6 spoons of fresh snow Peas 5 thick slabs of blue cheese and maybe a snack for her brother Bob We also need a small feeMystic snake and a big toy frog for the kids she can scoop these things into 3 Red bags and we will go meet her eventually at the train station,29,41,,,,,,
Hindi,hindi4,Please call Stella ask her to bring these things with her from the store 6 spoons of fresh snow Peas 5 thick slabs of blue cheese and maybe a snack foodYour brother Bob we also need a small plastic snake and a big toy from for the kids she can scoop these things into 3 Red banks and we will go meet herNewsday at the train station,29,41,,,,,,
Hindi,hindi5,Please call Stella ask her to bring these things with her from the store 6 points of fresh snow Peas 5 thick slabs of blue cheese and maybe a snack for presidentWe also need a small plastic snake and a big toy frog for the kids she can scoop These things into 3 Red bags and we will go meter Wednesday at the train station,36,29,,,,,,
Hindi,hindi6,Please call Stella ask her to bring these things with her from the store 6 spoons of fresh snow Peas 5 thick slabs of blue cheese and maybe a snack for her brother Bob We also need a small plastic snake andBig toy frog for the kids she can scoop these things into 3 Red bags and we will go meet her Wednesday at the train station,19,37,,,,,,
Hindi,hindi7,Please call Stella ask her to bring these things with her from the store 6 spoons of fresh snow Peas 5 thick slabs of blue cheese and maybe a snack for her brother BobWe also need a small plastic snake and a big toy frog for the kids she can scoop These things into 3 Red bags and we will go meet her Wednesday at the train station,17,25,,,,,,
Hindi,hindi8,Please call Stella ask her to bring these things with her from the store 6 pounds of fresh snow Peas fighting slabs of blue cheese And maybe a snack for her brother Bob We also need a small plastic snake in a big toy frog for the kidsWe can school these things industry that banks and we'll go meet her Wednesday at the train station,38,27,,,,,,
UKenglish,english108,Please call Stella Ask River in these things other from the store's expense  afraid snow  Peas 5 text labs with blue cheese  Or maybe a snack for Aurora Bob  We also need to bring small plastic snake and about Play frog for kids  she can skip these things until 3 bread bags and will go meet her Wednesday at the train station ,90,42,,,,,,
UKenglish,english110,Please call Stella ask her to bring these things will perform the store 6 spoons of fresh snow  Peas  5  thick slabs of blue cheese and maybe a slight bro  Brother Bob I also need a small plastic snake and a big toy frog with the kids  she can skip  These things into 3  Red bags and we will go meet her Wednesday at the train station ,43,25,,,,,,
UKenglish,english24,Please call Stella ask her to bring these things with her from the store 6 spoons of fresh snow  Peas  5  thick slabs of blue cheese and maybe a snack for her brother Bob  We also need a small plastic sneak in a big toy throw for the kids She can skip these things into 3 red bags and will go meet on Wednesday at the train station ,33,30,,,,,,
UKenglish,english38,Please call Stella ask her to bring these things with her from the store 6 spoons of fresh snow  Peas  5  thick slabs of blue cheese and maybe a snack for her brother Bob  We also need a small plastic snake And a big toy frog for the kids  she can skip these things into 3  Red bags and we will go meet her Wednesday at the train station ,20,35,,,,,,
UKenglish,english40,Place call Stella ask her to bring these things with their from the store 6 pounds of fresh snow  Peas  5  thick slabs of blue cheese and maybe a snack for a brother Bob  We also need a small Mystic snake and a big toy frog for the kids chicken script  These things into 3  Red bags and we will go meet her Wednesday at the train station ,38,30,,,,,,
UKenglish,english56,Please call Stella ask her to bring these things weather from the store 6 spoons of fresh new piece 5 thick slabs of blue cheese  And maybe a snack for her brother Bob  We also need a small plastic snake and a big toy Probe for the kids  she can script these things into 3  Red bugs and we will go meet her Wednesday at the train station ,33,32,,,,,,
UKenglish,english57,Please call Stella ask her to bring these things without from the store 6 spoons with fresh snow  Peas  5  thick slabs of blue cheese and maybe a snack for a brother Bob  We also need a small plastic snake And a big toy frog for the kids chicken scoop  These things into 3  Red bags and we will go meet a Wednesday at the train station ,36,32,,,,,,
UKenglish,english58,Please call Stella ask her to bring these things with her from the store 6 spoons of fresh snow  Peas  5  thick slabs of blue cheese and maybe a snack for her brother Bob  We also need a small Mystic snake in a big toy frog for the kids  she can scoop these things into 3  Red bags and we will go meet her Wednesday at the train station ,22,29,,,,,,
UKenglish,english80,Please call Stella ask her to bring these things with her from the store 6 spoons of fresh snow  Peas  5  thick slabs of blue cheese and maybe a small snack for her brother bulb  We also need a small plastic snake and a big Toy frog for the kids  she can scoop these things into 3  Red bags and we'll go meet her Wednesday at the train station ,28,23,,,,,,
USenglish,english16,Please call Stella ask her to bring these things with her from the store 6 spoons of fresh snow  Peas  5  sticks labs and blue cheese and maybe a snack for her brother Bob  We also need a small plastic snake Or  a big toy frog for the kids  she can scoop these things into 3 red bags  We will go meet her Wednesday at the train station ,31,63,,,,,,
USenglish,english17,Please call Stella Restaurang  those saint weather from the store 6 guns She can scoop these things into 3 red bags and we will go to go meet her Wednesday at the train station ,198,23,,,,,,
USenglish,english18,Please call Stella ask her to bring these things with her from the store 6 spoons of fresh snow  Peas  5  big slabs of blue cheese and maybe a snack for her brother Bob  We also need a small plastic snake in a big toy frog for the kids  she can Poop these things into 3 red bags and we will need her windy at the train station ,35,34,,,,,,
USenglish,english19,Please call Stella ask her to bring these things with her from the store 6 spoons of fresh snow  Peas  5  thick slabs of blue cheese and maybe a snack for her brother Bob  We also need to small plastics Snake and a big toy frog for the kids you can scoop these things into 3  Red bags and we will go meet her Wednesday at the train station ,22,23,,,,,,
USenglish,english20,Please call Stella ask her to bring these things with her from the store 6 things of fresh snow  Peas  5  thick slabs of blue cheese and maybe a snack for her brother Bob  We also need a small plastic snake in a big toy frog for the kids Can skip these things into 3 red bags and we will go meet her Wednesday at the train station ,31,10,,,,,,
USenglish,english21,Please call Stella ask her to bring these things with her from the store 6 spoons of fresh snow  Peas by thick slabs of blue cheese and maybe a snack for her brother Bob  We also need a small plastic snake in a big toy frog for the kids  she can scoop these things into 3 red bags and we will go meet Wednesday at the train station ,23,34,,,,,,
USenglish,english23,Please call Stella ask her to bring these things with her from the store 6 bones or fresh snow  Peas  5  thick slabs of blue cheese and maybe a snack for her brother Bob  We also need a small Plastic snake and a big toy frog for the kids  she can scoop these things into 3  Red bags and we will go meet her Wednesday at the train station ,22,27,,English,English,Please call Stella ask her to bring these things with her from the store 6 spoons of fresh snow Peas 5 thick slabs of blue cheese and maybe a snack for her brother Bob,180,37
English,english9,Please call Stella ask her to bring these things with her from the store 6 spoons of fresh snow Peas 5 thick slabs of blue cheese and maybe a snack for her brother BobI also need a small plastic snake and a big toy frog for the kids she can scoop These things into 3 Red bags and we will go meet her Wednesday at the train station,19,36,,,,,,
French,french9,Please call Stella ask her to bring these things with her from install 6 pounds of fresh snow Peas fighting slabs of blue cheese and maybe a snack for brother Bob We also need a small plastic snake in a big cultural for theKids she can skip these things into 3 red bags and I will go meet her Wednesday at the train station,47,51,,,,,,
German,german9,Please call Stella ask her to bring these things with her from the store 6 spoons of fresh snow Peas 5 thick slabs of blue cheese and maybe a snack for her brother bought we also need a small plastic snake in theToy frog for the kids she can scoop these things into 3 Redbacks and we will go meet her Wednesday at the train station,30,47,,,,,,
Tagalog,tagalog9,Please call Stella answer to bring these things with her from the store 6 spoons of fresh snow Peas 5 thick slabs Blue cheese and maybe a snack for her brother Bob We also need a small plastic snakeBig toy frog for the kids she can skip these things into 3 Red bags and we will go meet her Wednesday at the train station,33,45,,,,,,
Spanish,spanish9,Please call Stella ask her to bring this thing with her from the store see a spoon 6 spoon or fresh snow Peas 5 stick slabs of BluesKeys and maybe I snake for her brother but we also need a small plastic a snake and a big story for for the case for the case she can school their thing in 23 red bags and we will go meet her Wednesday at the train station,120,51,,,,,,
Vietnamese,vietnamese9,Please call star a** had to bring these things we heard from the store's expose our freshener page Phatic slap Logies Maybe its neck for a broader Bob we also need a small plasticSnake and big tie front for the case against group This thing into 3 red X and we will go meet her Wednesday at address station,105,53,,,,,,
Portuguese,portuguese9,Please call Stella ask her to bring these things with their from the store 6 spoons of rational peace 5 thick slabs of blue cheese and maybe a snack for her brother Bob We also need a small plastic snake andBig toy frog for the kids she can scoop these things into 3 Red bags and we will go meet her Wednesday at the train station,31,44,,,,,,
Hindi,hindi9,Please call Stella ask you to bring these things without from the store 6 spoons of fresh snow Peas 56 laps of blue cheese And maybe a snack for a brother Bob We also need a small plastic snake and a big toy frog for the kidsShe can scoop these things into 3 red bags and we will go meet her Wednesday the train station,38,51,,,,,,