Arabic,b'arabic3.wav',please call stella stella ask her to bring these things with her from the store six points of fresh snow peas v fix slabs of blue cheese and maybe a snack for her brother bob he also need a small plastic snack and big toy for the kids or the kids she can scope these things into three red bikes and we will go meet her wednesday at the train station ,40,13
Arabic,b'arabic2.wav',please call stella ask her to bring these things with her from the store six points of fresh snow peas five thick slabs of blue cheese and maybe a snack for her brother bob we also need a small plastic snake and a big toy frog for the kids she can scoop these things into the three red bags and we will go meet her wednesday at the train station ,12,2
Arabic,b'arabic1.wav',please call stella ask him to bring this thing with hair from the store six spoon of fresh snow beast fivesix lip of blue cheese and maybe a snake for her brother but we also need a small plastic snake and the big toy frog for the kids she can scoop this things into three red bags and we will go meet here at the train station ,42,17
Arabic,b'arabic5.wav',please call stella ask her to bring these things with her from the store six pools of fresh snow peas v sick slabs of blue cheese and maybe a snack for her brother bob we also need a small plastic snake and the big toy frog for the kids she can scoop these things into the three bear redbox and we will go meet her wednesday at this train station ,30,7
Arabic,b'arabic4.wav',please call stella ask her to bring these things with her from the start six pounds of fresh snow peas five six laps of blue cheese and maybe a snack for her brother but we also need my plastic snack at the victoria frog for the kids she can scoop these things into three redbox and well go meet here wednesday at the train station ,45,21
Arabic,b'arabic6.wav',please question ask her to bring this thing with her from the show six pounds of fresh snow base i fix lots of protein and maybe a snake for her brother but we also need to smoke classic snake and a big toy truck with the key she can stroke this at this time into speed and we will go meet wednesday at the train station ,97,31
Arabic,b'arabic7.wav',please call stella ask her to bring these things with her from school from the store six spoons of fresh snow peas five thick slabs of blue cheese and maybe a snack for her brother bob we also need a small plastic snack at a big toy frog for the kids she can scoop of these things into three red bags and we will go meet her wednesday meet her wednesday at the train station ,43,9
Arabic,b'arabic14.wav',please call stella ask her to bring these things with their form six spoons of fresh snow peas five pics of blue cheese and maybe a snack for her brother bob we also need a small plastic snack and the big toys for the kids she can still these things into the three bags and we will go meet wednesday at the train station ,49,14
Arabic,b'arabic9.wav',please call stella ask her to bring these things with her from the store six pounds of fresh snow peas v fix labs off blue cheese and maybe a snack for her brother bob we also need a small plastic snake and a big toy frog for the kids she can scoop of these things into three red bags and we will go meet her wednesday at the train station ,20,4
Arabic,b'arabic8.wav',please call stella ask her to bring these things with her from the store six pounds of fresh snow peas fivesix lives of blue cheese and maybe snack for her brother bob bob we also need a small plastic snake and the big toy frog for the kids she can scoop these things into three redbox and we would go meet her wednesday at the train station ,31,11
Arabic,b'arabic15.wav',please call stella ask her to bring these things with her from to stop to the store from the store six pounds of fresh snow peas five pics lots of blue cheese and maybe snake brother bob we also need a small plastic snack and a big big toy from the floor for the kids for school districts in three in to see redbox and well go meet her wednesday at the train station ,98,25
Arabic,b'arabic11.wav',please call stella from the floor your cheese and maybe is not for her brother bought chicken and we will meet you at the train station ,227,50
Arabic,b'arabic10.wav',please call stella ask her to bring these things with her from the store six pools of fresh snow peas five thick slabs of blue cheese and maybe a snake for a snack for her brother bob we also need a small plastic snake and a big toy frog for the kids she can scoop these things into three red bags and we will go meet her wednesday at the train station ,19,4
Arabic,b'arabic12.wav',please call hair from that five big lots of yoshi and maybe not for her brother bob we also need a small glass on a big toy frog for the kids school until three and we will go there wednesday as that train station ,158,39
Arabic,b'arabic13.wav',please call stella ask her to bring this thing with her from the store six spoons of fresh snow peas five thick slab of blue cheese and maybe snack for her brother bob we also need small plastic snake and a big toy frog for the kids she can scoop the things into three bags and we we go meet her wednesday at the train station ,22,10
Bengali,b'bengali9.wav',please call stella ask her to bring these things with her from the store six pounds of fresh snow peas labs of blue cheese and maybe its meant for her brother but we also need a small plastic snake and a big tarp for the kids she can scoop these things into three red backs and well go meet a red nose day at the train station ,48,14
Bengali,b'bengali8.wav',except from the store six teaspoons of fresh snow peas drops of glue and maybe a snake and a beetle frog for dickeys chickens score of these things into threesix ,220,50
Bengali,b'bengali15.wav',please call stella ask her to bring these things with her from the store six spoons of fresh snow peas five teak slaves of blue chased and maybe a snack for her brother bob we also need a small plastic snake and a big toy frog for the kids she can school distance into three red bags and well go meet her wednesday at the train station ,27,8
Bengali,b'bengali14.wav',please call stella ask her to bring these things were there from the store or six moons of fresno keys fivex laps of blue cheese and maybe a snack for a brother bob we also need a small plastic snake and a big toy frog for the kids shaking scooby stings into three red bags and well go meet her wednesday at the train station ,46,18
Bengali,b'bengali10.wav',please call stella ask her to bring these things with her from the store six months of fresh snow peas five slabs of lucchese and maybe a snack for her brother bob we also need a small plastic snake and a big toy frogs for the kids and we will go meet her wednesday at the train station ,68,14
Bengali,b'bengali11.wav',please call stella ask her to bring these things with her from the store six spoons of fresh snow peas five thick slabs of blue cheese and maybe a snack for a brother bob we also need a small plastic snake and a big toy frog for the kids she can scoop these things into three red bags and we will go meet her wednesday at the train station ,8,2
Bengali,b'bengali13.wav',please call stella ask her to bring these things with her from the store six0 spoons of fresh snow peas five pics lapse of blue cheese and maybe a snack for her brother we also need a small plastic snake snake snake and a big toy frog for the kids she can scuba stings into three00 bags and we will go meet her wednesday at the train station ,41,11
Bengali,b'bengali12.wav',please call stella ask her to bring these things with her from the store six pounds of fresh snow peas five takes slabs of fruit cheese and maybe a snack for her brother brought up we also need a small plastic snake and a big toe frog for the kids she can school distance into three00 bags and well go meet her wednesday at the train station ,41,12
Bengali,b'bengali3.wav',please call stella ask her to bring these things with her from the store six pounds of fresh snow peas five thick slab of blue cheese and maybe a snack for her brother bob we also need a small plastic snack and a big toy frog or the kids she can scoop this things into three red bags and go meet her wednesday at the train station ,22,8
Bengali,b'bengali2.wav',please call stella ask her to bring these things with their from the store six spoons of fresh snow peas five thick slabs of blue cheese and maybe a snack for her brother bob we also need a plastic snake in a big toy frog for the kids she can scoop these things into three red bags and we will go meet her wednesday at the train station ,15,3
Bengali,b'bengali1.wav',please call stella ask her to bring these things with her from the store six spoons of fresh snow pitch of blue cheese and maybe its made for her brother but we also need a small plastic snake and a beat toy frog for the kids she cant spoke these things into their rate box and way to go meet you at when is day at the train station ,63,19
Bengali,b'bengali5.wav',please call stella ask her to bring these things from the store six spoons of fresh peas five slaps of beauties and maybe a snack for a small plastic snake and a chicken scoop of these things into three bags and we will go meet her nasty train station ,111,26
Bengali,b'bengali4.wav',please call stella ask her to bring this thing with her from the store city spoon of fresh snow peas fat blue cheese and maybe a snack for her brother bobs we also need a small plastic snake and big and a big toy frog for the kids she can describe this thing into three red bags and we will go meet her at the train station ,56,15
Bengali,b'bengali6.wav',please call stella ask her to bring these things with her from the store six moons of fresh snow peas five six laps of blue cheese and maybe a snack for her brother bob we also need a small plastic snake and a big toy frog for the kids chicken scoobies things into three red bags and we will go meet her wednesday at the train station ,23,8
Bengali,b'bengali7.wav',please call stella ask her to bring these things with her from that store six months of fresh snow peas five types of blue cheese and maybe a snake of our brother bob we also need a small plastic snake frog for the kids this things into three that back and well go meet her wednesday at the train station ,66,21
Chinese,b'cantonese9.wav',please call stella to bring these things with her from the store hours of fresh snow peas five six laps of blue cheese and maybe a snack for her brother ball we also need to smoke plastics night and a big toy frog for the key she can scoop these things into three bags and we will go meet you wednesday at the train station ,50,14
Chinese,b'cantonese8.wav',please call stella ask her to bring these things with her from the store so spoons of fresh snow peas plastic slaps blue cheese and maybe a snack for a brother bob we also need a small plastic snake and a big toy frog for the kids she can skip these things in the three red bags and we will meet her wednesday at a train station ,33,12
Chinese,b'cantonese11.wav',please ask her to bring these things where theyre from the store rational piece fanfiction apps of blue cheese in his natural brother bob need a small plastic snake and a big toy truck for the kids into my bags and stay at the train station ,151,35
Chinese,b'cantonese10.wav',please call stella ask her to bring these things with her from the store six spoons of fresh snow peas snap of brie cheese and maybe a snack for brother hope we also need a small plastic snake and a big toy vlog for the kiss she can scoop these things into free redbox and we will go meet her wednesday at the train station ,36,11
Chinese,b'cantonese12.wav',please call stella ask her to bring distance with her from the store six moons of fresh snow peas five six flags of blue cheese and maybe a snack for brother we also need a small plastic snake and a big toy frog for the kids she just googled this things into three red and google me to wednesday at the train station ,61,18
Chinese,b'cantonese13.wav',please call sarah austin to bring these things with our from the stool six months of fresh snow peas five six laps of lucchese and maybe next door brother fall we also need a small plastics name and a big toy truck for the kids she can scoop these things to do three redbacks gomita wednesday at the train station ,81,29
Chinese,b'cantonese14.wav',please call stella i said to bring this things with her from the star six beauzile fresh no peace fivesix laptop glitches and maybe a snack for her brother but we also need a small plastic snack and a big toy frog prince kiss she can stop these things into thread rack facts and we will go meet her wednesday in the train station ,66,25
Chinese,b'cantonese15.wav',please call stella also need a small plastic snake and the big toy fox with the kids she canceled this things into three right backs and well go meet up wednesday at the train station ,191,41
Chinese,b'cantonese1.wav',pisco sarah asked her to bring these things with her with her from the store sick spoon of fresh snow peas five types of blue trees and maybe a snack for her brother bob we also need a small snake and a picture for a kiss a kiss but this rings in 2three rapist and we will go meet her wednesday at the train station ,89,28
Chinese,b'cantonese3.wav',best karstetter ask her to bring these things with her from a store expensive fresno please contact blocks of blue cheese and maybe a snack provider pub la sirenita small plastic snake and a big toy frog for kids you can skip these things in the three right back and we will go meet her wednesday at the train station ,89,24
Chinese,b'cantonese2.wav',space coast area distinguished from the store six corners of fresh snow peas slaps cheese and maybe a steak for snake on a mac shaker and spoon this singing go see us and we will go meet wednesday at train station ,169,45
Chinese,b'cantonese6.wav',please call stella ask her to bring these things with her from the store six students of fresh snow peas five six laps of blue cheese and maybe a snack for a brother bob we also need a small plastic snake and a big toy frog for the kids she can scoop these things to do three red bags and we will go meet her wednesday after train station ,27,10
Chinese,b'cantonese7.wav',please call stella ask her to bring these things with her from the store six prince of fresh snow peas fivesecond slaps of blue cheese and maybe a snack for her brother bob we also need a small plastic snake and a big toy frog for the kids she can scoop these things into three right back and we will go meet her wednesday at the train station ,23,6
Chinese,b'cantonese5.wav',please call stella ask her to bring these things with her from the store shakespeares of fresh snow peas fast six laps of blue cheese and maybe a snake for her brother bob we also need two small plastic snake in a baked or fruit for the kids she can scoop these things into three red bags and we will go later last day i love train station ,54,16
Chinese,b'cantonese4.wav',six0five smoke chicken squirrel nest sings income ,305,69
English,b'english7.wav',please call stella ask her to bring these things were there from the store sixpence fresh snow peas plastic slabs blue cheese and maybe a snack for the brother bob we also need a small plastic snake a big toy frog for the kids she can scoop these things and three plastic bags and well go meet her wednesday at the train station ,47,16
English,b'english6.wav',please call stella ask her to bring those things with her from the store six spoons of fresh snow peas five thick slabs of blue cheese and maybe a snack for her brother brought but we also need a small plastic snake and a big toy frog for the kids she can scoop these things into three red bags and we will go meet her wednesday at the train station ,13,2
English,b'english4.wav',please call stella ask her to bring these things with her from the store six spoons of fresh snow peas five slabs of blue cheese and maybe a snack for her brother bob we also need a small plastic snake and a big toy frog for the kids she can scoop these things into three red bags and we will go next go meet her wednesday at the train station ,19,2
English,b'english5.wav',please call stella ask her to bring these things with her from the store six spoons of fresh snow peas five thick slabs of blue cheese and maybe a snack for her brother bob we also need a small plastic snake and a big toy frog for the kids she can scoop these things into three red bags and we will meet her wednesday at the train station ,8,1
English,b'english1.wav',please call stella ask her to bring these things with her from the store six spoons of fresh snow peas five thick slabs of blue cheese and maybe a snack for her brother bob we also need a small plastic snake and a big toy frog for the kids she can scoop these things into three red bags and we will go meet her wednesday at the train station ,5,0
English,b'english2.wav',please call stella ask her to bring these things with her from the store six spoons of fresh snow peas my fix laptop blue cheese and maybe a snack for her brother bob we also need a small plastic snake and a big toy frog for the kids she can skip these things into three red bags and we will go meet her wednesday at the train station ,21,5
English,b'english3.wav',please call stella ask her to bring these things with her from the store six bends of fresh snow peas five thick slabs of blue cheese and maybe a snack for her brother bob we also need a small plastic snake and a big toy for for the kids she can scoop these things into three red bags and we will go meet her wednesday at the train station ,12,3
English,b'english10.wav',please call stella ask her to bring these things with her from the store sixpence of fresh snow peas five thick slabs of blue cheese and maybe snack for her brother bob we also need a small plastic snake and a big toy frog for the kids she will scoop these things up into three red bags and we will go meet her wednesday at the train station ,20,5
English,b'english11.wav',please call stella ask her to bring these things within from the store six spoons of fresh snow peas five six slums of blue cheese and maybe a snack for her brother bob we also need a small plastic snake and a big toy frog for the kids she can scoop these things into three red bags we will go meet her wednesday at the train station ,19,6
English,b'english13.wav',please call stella ask her to bring these things with her from the store six spoons of fresh snow peas five thick slabs of blue cheese and maybe a snack for a brother but we also need a small plastic snake and a big toy frog for the kids she can scoop needs sings into three red bags and we will go meet her on wednesday at the train station ,19,5
English,b'english12.wav',please call stella ask her to bring these things with her from the store six pillars of fresh snow peas five six laps of blue cheese and maybe a snack for her brother we also need a small plastic snake and a big toy frog for the kids so you can scoop these things are the three red banks and goats and we will go meet her wednesday at a train station ,45,10
English,b'english15.wav',please call stella ask her to bring these things from her with her from the store expensive fresh snow peas five six flags of blue cheese and maybe a snack for her brother bob we also need a small plastic snake and a big toy from her for the kids she can sense these things into three red bags and we will go meet her wednesday at the train station ,38,10
English,b'english14.wav',please call stella ask her to bring these things with her from the store six moons of fresh snow pays five thick slabs of blue cheese and maybe a snack for a brother bob we all to need a small plastic snake and a big toy frog for the kids she can skip these things into three red bags and we will go to meet her wednesday at the train station ,21,8
English,b'english8.wav',please call stella ask her to bring these things from the store six pounds of fresh snow peas five00 cheese and maybe a snack for her brother bob snake and a big toy frog with a red bag ,166,34
English,b'english9.wav',please call stella ask her to bring these things with her from the store six spoons of fresh snow peas five six laps of blue cheese and maybe a snack for her brother bob we also need a small plastic snake and a big toy frog for the kids she can scoop these things in three red bag and we will go meet her wednesday at the train station ,14,5
French,b'french14.wav',please call stella ask her to bring these things with her from the store six cans of fresh snow peas five thick slabs of blue cheese and maybe a snack for her brother bob we also need a small plastic snake and a big toy frog for the kids she can scoops these things into three red bags and well go meet her wednesday at the train station ,13,4
French,b'french15.wav',please call stella ask her to bring these things without from the store six prince of fresh snow peas v fix slab of brie cheese imma be a stack for brother bob theres a need a small plastic snake and the big guy frank for the kids red bags and wednesday at the train station ,106,28
French,b'french12.wav',please call stella ask her to bring these things with her from the store six spoons of fresh snow peas five thick slabs of blue cheese and maybe a snack for her brother bob we also need a small plastic snake and a big toy frog for the kids she can scoop these things into three red bags and we will go meet her wednesday at the train station ,5,0
French,b'french13.wav',please call stella ask her to bring the sims with her from the store six points of fresh snow peas five six flags of blue cheese and maybe a snack for a brother we also need a small plastic snake and a big toy frog for the kids chickens could this santhu straight red bags and well go meet her wednesday at the train station ,57,19
French,b'french11.wav',peace corps still ask her to bring these things with her from the store six pounds of fresh snow peas five thick slabs of blue cheese and maybe a snack for her brother bob we are some more plastic snake and big toy frog for the kids things into three red bags and well go meet her wednesday at the train station ,54,15
French,b'french10.wav',please call stella ask her to bring these things with her from the store six poons of fresh snow peas five thick slabs of blue cheese and maybe a snack for her brother but we also need a small plastic snake and a big salty frog for the kids she can scoop these things into three red bags and we will go meet her wednesday at the train station ,12,3
French,b'french3.wav',please call stella ask her to bring these things with her from the store six pounds of fresh snow peas with thick slice of blue cheese and maybe a snack for her brother bob we also need a small plastic snake and a big toy frog from for the kids she can scoop these things into three red bags and we will go meet her wednesday at the train station ,19,5
French,b'french2.wav',please call stella ask her to bring this things will that with her from the store six pull of fresh snow peas a fivefoot sick slaps of a blue cheese and then maybe a snack for her brother bob we also need a small plastic snake and big toy frog for the kids chicken scoop these things into their into three different backs and the we will go with her wednesday at the train station ,72,15
French,b'french1.wav',please call stella ask her to bring these things with her from the store six points of fresno fresh snow peas five fix lights of blue cheese and maybe a snack for her brother but we also need a small plastic snack and a big turd frog for the kids she can skip this things into three red bags and we will go meet meet hers when is day at the twin station ,49,13
French,b'french5.wav',please call stella ask her to bring this thing with love from the store six months of fresh snow peas five thick slabs of blue cheese and maybe is not for her brother bob we also need a small plastic snake and a big toy frog for her for the kids she can scoop these things into three right back and we will go meet her wednesday at the time station ,41,9
French,b'french4.wav',please please call stella ask her to bring these thank you for her from the store six moon of fresh snow peas five slabs of blue cheese and maybe a snack for her brother bob we also need a small plastic a small plastic snake and a big toy frog for the kid she can scoop this thinkin to throw it right back and you go meet her wednesday at the train station ,72,19
French,b'french6.wav',please call stella ask her to bring these things with her from the store six pounds of fresh snow peas five fake slabs of blue cheese and maybe a snack for her brother but we also need a small plastic neck and a big toy frog for the kids she can scoop these things into free red bags and we will go meet her wednesday at the train station ,21,5
French,b'french7.wav',please call stella ask her to bring these things with her from the store six spoons of fresh snow peas v dick slabs of blue cheese and maybe a snack for her brother bob we also need a small plastic snake and a big toy frog for the kids she can scoop these things into tree red bags and we will go meet her wednesday at the train station ,11,3
French,b'french9.wav',please call stella ask her to bring these things with her from the store six months of fresh snow peas fighting slabs of blue cheese and maybe a snack for brother bob we also need to smell plastic snake and a big toe front to the kids she can skip these things into three red bags and we go meet her wednesday and train station ,41,16
French,b'french8.wav',please call stella ask her to bring these things with her from the  six spoons of fresh snow peas v stick slaps of two cheese and maybe a snack for her bottle but we also need to smoke plastic snake and a big toy frog for the kids she can scooby stings into the into three red backs and we will go meet her wednesday at the train station ,47,16
German,b'german1.wav',please call stella ask her to bring these things with her from the store six spoons of fresh snow peas five six slabs of blue cheese and maybe a snack for her brother bob we also need a small plastic snake and a big toy park for the kids she can scoop these things into swing a bat bags and we will go meet her when you stay at the playstation ,36,9
German,b'german2.wav',please call stella ask her to bring these things with her from the store six pounds of fresh snow peas five six laps of blue cheese and maybe a snack for her brother but we also need a small plastic snake and a big toy frog for the kids she cant scoop these things into three red bags and well go meet her wednesday at the train station ,20,8
German,b'german3.wav',please call stella ask her to bring these things with her from the store six pounds of fresh snow peas five six laps of blue cheese and maybe a snack for a brother but we also need a small plastic snake and a big toy frog for the kids we can scoop these things into three right backs and we will call me tomorrow wednesday at the train station ,38,15
German,b'german7.wav',please call stella ask her to bring these things with her from the store six spoons of fresh snow peas five takes lots of blue cheese and maybe a snack for her brother bob we also need a small plastic snake and a big toy frog for the kids she can scoop these things into three right backs and we will go meet her wednesday at the train station ,18,4
German,b'german6.wav',please call stella ask her to bring these things with her from the store six spoons of fresh snow peas five thick slabs of blue cheese and maybe a snack for her brother bob we also need a small plastic snake and a big toy frog for the kids she can scoop these things into three red bags and we will go meet her at wednesday at the train station ,8,1
German,b'german4.wav',please call stella ask her to bring these things with her from the store six students of fresno peace five six laps of blue cheese and maybe a snack for her brother but we also need a small plastic snake and a big toy frog for the kids she can scoop these things into three red bags and well go meet her wednesday at the train station ,27,10
German,b'german5.wav',please call stella ask her to bring these things with her from the store six tunes of fresh snow peas five thick slabs of blue cheese and maybe a snack for a brother bob we also need a small plastic snake and a big toy frog for the kids she can scoop these things into three rednecks and we will go meet her wednesday at the train station ,17,5
German,b'german10.wav',please call stella ask her to bring these things with her from the store six spoons of fresh snow peas falcon slept with blue cheese and maybe snack for a brother but we also need a small plastic snake in a big tire frog for the kids she can skip these things into three right backs and we would go meet her wednesday at the train station ,45,13
German,b'german8.wav',please call stella ask her to bring these things with her from the store so expensive fresh snow peas five takes laps of blue cheese and maybe a snack for a brother bob we also need a small plastic snake on a big toy truck for the kids she can skip these things into three right backs and we will go to meet her wednesday at the train station ,41,13
German,b'german9.wav',please call stella ask her to bring these things with her from the store six spoons fresh snow peas for thick slabs of blue cheese and maybe a snack for her brother we also need a small plastic snake in a big toy truck for the kids she can screw these things into three wrap bags and we will go meet her wednesday at the train station ,27,8
German,b'german11.wav',please call stella ask her to bring these things with her from the store six pounds of fresh snow peas fivex lots of blue cheese and maybe a snack for a brother bob we also need a small plastic snake at the big toy truck for the kids chickens cooked his things and the fury red backs and we will go meet at advanced meter wednesday at the train station ,68,18
German,b'german13.wav',please call stella ask her to bring these things with her from the store six oz of fresh snow peas and maybe a snack for fiance need a small plastic snake and a big for the kids she can scoop these things into ,141,28
German,b'german12.wav',please call stella ask her to bring these things with her from the store six spoons of fresh snow peas five six laps of blue cheese and maybe a snack for a brother we also need a small plastic snake and a big toy frog for the kids she can scoop these things into the three red bags and we will go meet her wednesday at the train station ,22,7
German,b'german15.wav',please call stella ask her to bring these things with her from the store six spoons of fresh snow peas five thick slabs of blue cheese and maybe a snack for her brother bob we also need a small plastic snake for the kids she can scoop these things into three ,86,18
German,b'german14.wav',please call stella snow piece five six laps of blue cheese and maybe a snack from a brother but we also need a small plastic snake and epic toy frog for the kids chicken coop these things into free redvex and go meet her wednesday at the train station ,119,28
Hindi,b'hindi12.wav',please call stella ask her to bring these things with her from the stork six moons of fresh snow pfivesix labs of blue cheese and maybe a snack for her brother but we also need a small plastic snake and a big toy frog for the kids that im leaving wednesday at the train station ,80,22
Hindi,b'hindi8.wav',please call stella ask her to bring these things with her from the store next to the fresno bee fighting slabs of blue jeans and maybe a snack for her brother bob we also need to make in a big toy truck for the kids chicken scooby stings in children dance and well go meet her wednesday at the train station ,84,29
Hindi,b'hindi9.wav',please call stella ask her to bring these things with her from the store six tons of fresh snow peas five10 laps of blue cheese and maybe a snack for a brother bob we also need a small plastic snake and a big toy frog for the kids she can scoop these things into three red bags and we will go me for wednesday the train station ,26,10
Hindi,b'hindi13.wav',please call stella ask her to bring these things with her from the stone systems of snow peas five laps of beauty and maybe a snack for her brother bob we also need a small plastic snake and a big toy frog for the kids seekins these things into trees at bags and we will go meet her wednesday at the train station ,50,14
Hindi,b'hindi11.wav',please call stella ask her to bring these things with her from the store six spoons of fresh snow peas five thick slabs of blue cheese and maybe a snack for her brother bob we also need a small plastic snake and a big toy frog for the kids she can scoop these things into three red bags and we will go meet her wednesday at the train station ,5,0
Hindi,b'hindi10.wav',please call stella ask her to bring these things from her with her from the store to fresh snow peas need a small plastic snake for the kids ,222,45
Hindi,b'hindi14.wav',please call stella ask her to bring these things with her from the store six spoons of fresh snow peas five take steps of blue cheese and maybe a snack for her brother bob we also need a small plastic snake and a big toy frog for the kids she can scoop these things into three redbox and we we go meet her redness day at the train station ,22,7
Hindi,b'hindi15.wav',please call stella ask her to bring these things with her from the store six pounds of fresh snow peas five take slabs of duties and maybe a snack for her brother bob we also need a small plastic snake and a big toy frog for the kids she can school be sings into three red bags and we will go meet her wednesday at the train station ,28,7
Hindi,b'hindi1.wav',please call stella ask her to bring these things with her from the store six months of fresh snow peas five six laps of blue cheese and maybe a snack of snack for her brother bob we also need a small plastic snake and a big toy truck for the kids she can school distance into three red box and we will go meet her wednesday at the train station ,43,11
Hindi,b'hindi2.wav',please call stella ask her to bring these things with her from the store fresh snow peas plastic slabs of blue cheese and maybe a snack for her brother bob we also need a small plastic snake and a big toy frog for the kids she can simply send it to you right back and well go meet her wednesday at the train station ,55,16
Hindi,b'hindi3.wav',please call stella ask her to bring these things from the store six fresh smoothies blue cheese and maybe a snack for a brother v also need a small plastic snake and a big toy frog for the kids she can scoop these things into three at the train station ,99,23
Hindi,b'hindi7.wav',please call stella ask her to bring these things with her from the store six pools of fresh snow peas five10 laps of blue cheese and maybe a snack for her brother bob and a big toy frog for the kids she can scoop this wednesday at the train station ,102,23
Hindi,b'hindi6.wav',please call stella from the store of fresh snow peas and a snack for her brother small plastic snake for the kids she can scoop these things into three red bags at the train station ,165,34
Hindi,b'hindi4.wav',please call stella from the store cheese chicken scoop ,290,61
Hindi,b'hindi5.wav',wisconsin from the store six points of fresh snow peas ,294,61
Japanese,b'japanese5.wav',please call stella ask her to bring these things with her from the store six spoons of fresh snow peas five thick slabs of blue cheese snit answering and maybe a snack for her brother bowl we also need a small plastic snake and a big toy vlog for the kids she can scoop these things into three red bags and then we will go meet her wednesday at the train station ,28,2
Japanese,b'japanese4.wav',please call set to bring things from the store so you could spend over fresh snow snow peas fsix labs of blue cheese and maybe a snack for her brother but we also need a small plastic snake and a big toy frog for the kids chicken scoops d sings into sri let box and we go meet her wednesday at the train station ,90,23
Japanese,b'japanese6.wav',please call stella ask her to bring these things with her from the store six spoons of fresh snow peas five thick slabs of blue cheese and maybe a snack for her brother bob we also need a small plastic snake and a big toy frog for the kids she can scoop these things into three red bags and we will go meet her wednesday at the train station ,5,0
Japanese,b'japanese7.wav',please call stella ask her to bring these things with her from the store sixpence of fresh snow peas five six laps of blue cheese and maybe a snack for her brother bob we also need a small plastic snake and a big toy frog for the kids she can scoop these things to do three red bags and we will go meet her wednesday at the train station ,21,5
Japanese,b'japanese3.wav',please call stella ask her to bring three things with her from the store six spoons of fresh snow peas bible speaks jobs or booties and maybe a snack for her brother bob we also need a small plastic snake and a big toy frog the kids chikis group did these things into three red bags and we will go meet her wednesday at the train station ,44,12
Japanese,b'japanese2.wav',please call cetera ask her to bring these things with her from the store experience of fresno pfivesix flops of blue cheese and maybe a snack for her brother but we also need a small prosthetics snake and a big toy of a frog for the kids chicken scoop these things into free redbox in will we go meet her wednesday at the train station ,66,19
Japanese,b'japanese1.wav',and please call stella ask her to bring these things with her from the store six pounds of fresh snow pierce whats the tick slabs of blue cheese and maybe a snack for her brother bob we also need a small plastic snack and a big toy from the kids she can scoop those things aint with three red bags and we will go meet her wednesday at the train station ,38,14
Japanese,b'japanese15.wav',please call stella ask her to bring the things with her from the store six spoons of fresh snow peas five pics loves blue cheese and maybe your snack for her brother ball we also need a small plastic snake and a big toy frog for the kids she can scoop these things into three red backs and we will go meet wednesday at the train station ,29,9
Japanese,b'japanese14.wav',please call sarah with her from the store five six laps of lutein and maybe a snack for her brother bob we also need a small plastic snake and a big toy frog for the kids who sings into three red bad and well go meet her wednesday at the train station ,104,24
Japanese,b'japanese13.wav',please call stara ask her to bring these things with her from the store six spoons of a fresh snow peas five thick globs of blue cheese and maybe a snack for her brother bought we also need a small plastic snake and a big toy frog for the kids she can scoop the things into three red flags and we will go meet her wednesday at the train station ,19,7
Japanese,b'japanese12.wav',please call stella ask her to bring these things with her from the store six pills of fresh snow peas fivesixfive south brutus and maybe a snack for her brother bob we also need a small plastic snake and the big toy for block force kids she can scoop these things into sweet little box and we will go meet her wednesday at such train station ,59,13
Japanese,b'japanese10.wav',please call stella ask her to bring these things with her from the store so expensive fresno please six loss of riches and maybe a snack for her brother but we also need a small plastic snake and a big toy frog for the kids she can skip their sings into sweet red box and we will go to go meet her wednesday at the train station ,59,19
Japanese,b'japanese11.wav',please call stella ask her to call me tomorrow or wednesday at the train station ,267,59
Japanese,b'japanese9.wav',please call stella ask her to bring the things with her from the store six pounds of fresh snow peas five takes lots of blue cheese and maybe its not for her brother bob we also need a small plastic snake in a big toy frog for the kids she can skip day things into three bags and well go meet her wednesday at the train station ,40,13
Japanese,b'japanese8.wav',please call stella ask her to bring these things with her from the store six spoons of fresh snow peas five thick slabs of blue cheese and maybe a snack for brother bob we also need a small plastic snake and a big toy frog for the kids she can skip these things to do three red bags and we will go meet her wednesday at the train station ,16,4
Korean,b'korean6.wav',play its course tell her ask her to bring you things with her prom dress or six francis north pace fiveday slaps of blue cheese and maybe a snack for brother we are starting to smoke plastic snake and a big play for for the kids she can just give these things into three right backs and well go meet her wednesday at the train station ,102,29
Korean,b'korean7.wav',please call stella ask her to bring these things with her from the store six spoons of fresh snow peas five thick slabs of blue cheese and maybe a snack for her brother bob we also need a small plastic snake and a big toy frog for the kids she can scoop these things at the three red bags and we will go meet her wednesday at the train station ,10,3
Korean,b'korean5.wav',please call stella ask her to bring these things with her from the store six plus of a fresh snow peas v stay of five stick slaps of blue cheese and maybe a snake off of her brother but we also need a small plastic snake and the big toy frog for the kids she can scoop these things into three red bags and we will go meet wednesday at the train station ,39,11
Korean,b'korean14.wav',please call stella ask her to bring his things were there from the store six spoons of fresh snow peas five six laps of blue cheese and maybe a snack for her brother bob we also need a small plastic snake and a big toy frog for the kids she can scoop these things into three rats backs and well go meet her wednesday at the train station ,27,10
Korean,b'korean15.wav',please call stella ask her to bring these things with her from the store or fresh piece five six flags of blue cheese and maybe a snack for her brother bob we also need a small plastic snake and a big toy floor for the kids into three red backs and then we will go to meet her wednesday at the train station ,71,14
Korean,b'korean4.wav',please call stella ask her to bring these things with her from the store six points of fresh snow pays five takes lots of lurches and maybe a snack for her brother bop we also need a small plastic snake and a big toy frog for the kids she can scoop these things into threed redbox and we will go meet her wednesday at the train station ,28,10
Korean,b'korean11.wav',please call stella ask her to bring these things with her from the store six plus of rational psfive fix laptop blue cheese and maybe a snack for a brother bob we also need a small plastic bag and a big 2five for the kids you can scoop theres things that i need to tree right bags and well go meet her wednesday at the train station ,66,22
Korean,b'korean10.wav',preschools that is called to bring these things you dont have from the store of fresh snow peas i was thick slaves and maybe a snack for her brother we also need those small plastic snake and a big toy pro the toy pro older kid she can scope this things in in 2three and we will meet wednesday at the train station ,113,28
Korean,b'korean1.wav',please call stella ask her to bring the sinks with her from the store sixs plus over fresh snow peas by with big lips over blue cheese and maybe a snack for her brothers and a big toys for the kids she can soup to cook beets cupti sings into the real adipex and the real girl made wednesday at the train station ,118,37
Korean,b'korean3.wav',please call stella ask her to bring you sing with her from the store six point of fresh now please fivesix left of blue cheese and maybe a snack for her brother but we also need a small plastic snake in the big toe i fell for the kids can cook these things into spirit bags and we will go meet her wednesday at the train station ,55,19
Korean,b'korean12.wav',please call stella ask her to bring these things up from the store sixs plus on fresh snow pierce blue cheese and maybe a snack for these things into your idevice and wednesday at the train station ,167,39
Korean,b'korean13.wav',please call stella ask her to bring these things with her from the store six spoons of a fresh snow peas five thick slabs of blue cheese and maybe a snack for her brother bob we also need a small plastic snake and a big toy frog for the kids she can scoop these things into three meet her wednesday at the train station ,31,7
Korean,b'korean2.wav',please call stella ask her to bring these things to read her from the store six oz of breastmilk piecebypiece lives of booties and maybe a snack for her brother bob we also need a small plastic snake and big toy frog for the keys she can screw these things into three red bags and we will go meet her wednesday at the train station ,56,14
Korean,b'korean9.wav',please call stella ask her to bring these things for the from the store six gallons of fresh snow peas for fix types of blue cheese and maybe a snack for a brother bob we also need a small plastic snake and a big toy frog for kids skip these things into three right backs and well go meet wednesday at the train station ,57,18
Korean,b'korean8.wav',please call stella ask her to bring anything from the store now place last of us glitches and a big toy block for the kiss she can screw these things into three red bags and we will go meet for wednesday at the train station ,144,33
Portuguese,b'portuguese13.wav',please call stella ask her to bring these things with her from the store six oz of fresh snow peas five fix slabs of blue cheese and maybe a snack for a brother bob we also need a small plastic snake in a big tire frog for the kids she can skip these things into three red bags and well go meet her wednesday at the train station ,28,9
Portuguese,b'portuguese4.wav',please call stell ask her to bring these things with her from the  six points of fresno please five take stripes off of brushes and maybe a snack for her brother bob we also need a small plastic snake and a big toy frog from the kids chickens cook chicken squad these feelings into three red bags and we will go meet her wednesday at the train station ,65,17
Portuguese,b'portuguese5.wav',please call steilacoom ask her to bring these things with her from the store six pounds of fresh snow peas five thick slabs of bushes and maybe a snack for her brother bob we also need a small plastic snake and the big story frog frog for haircut kids chicken scoop of this things mean to three red bags and we will go meet her with wednesday at the train station ,54,14
Portuguese,b'portuguese12.wav',please call stella ask her to bring these things with her from the store six pounds of fresh snow peas five six flags of blue cheese and maybe a snack for a brother but we also need a small plastic snake in the big boi frog for kids chicken scoop these things into three rednecks and we will go meet her wednesday at the train station ,39,12
Portuguese,b'portuguese10.wav',please call stella ask her to bring the sayings with her from the store six pounds of fresh snow peas five six slabs of blue cheese and maybe a snack for her brother bob we also need a small plastic snake and a big toad frog for the kids she can scoop the scenes ancestry redbacks and we will go meet her wednesday at the train station ,35,14
Portuguese,b'portuguese7.wav',please call stella ask her to bring this thing with her from the store six fresno psfivesix lives of blue cheese and maybe a snack for her i brought the ball we also need a small black snake and a big boi frog for the kids she can scoop these things into three rag bags and we will go meet her wednesday at the train station ,53,16
Portuguese,b'portuguese6.wav',please call stella ask her to bring these things made of from the store six months of fresno peace five six wives of blue cheese and maybe a snack for her brother but we also need a small plastic making a big toy frog to the kids chicken scoop these things into three red bags and were going to meet her wednesday at the train station ,53,21
Portuguese,b'portuguese11.wav',please call stella ask her to bring these things with her from the store six pounds of fresh snow peas five six slabs of blue cheese and maybe a snack for her brother but we also need a small plastic snake in a big toy frog for the kids she can scoop do things into three red bags and well go meet her wednesday at the train station ,24,8
Portuguese,b'portuguese15.wav',please call stella ask her to bring vfeng with her from the store six moons of fresh snow peas find fix slabs of blue cheese and maybe a snack for her brother but we also need a small plastic snake and a big toy frog for the kids she can scoop these things into three red bags and we will go meet her at wednesday at the train station ,27,7
Portuguese,b'portuguese2.wav',please call stella ask her to bring these things with her from the store six pools of fresh snow peas five thick slabs of blue cheese and maybe a snack of her brother but we also need a small plastic snake in a big toy frog for the kids she can scoop these things into three red bags and we will meet her wednesday at the train station ,16,6
Portuguese,b'portuguese3.wav',please call me stella ask her to bring those things with her from these poor six spoons of fresh is no piece fivesixsix is lives of those cheese and maybe a snack for her brother bob we also need a small plastic is neck and a big toy frog for her kids chicken scoop these things into three red bags and we will meet her wednesday at the train station ,50,14
Portuguese,b'portuguese14.wav',fish coastal ask her to bring some things with her from the store six pounds of fresh new snow peas five six flags of blue cheese and maybe a snack for her brother but we also need to smoke  snake and a big toy frog for the kids straight scoop and sphinx in free had bags and then we will go meet her wednesday at the train station ,75,21
Portuguese,b'portuguese1.wav',please call stella ask her to bring the pink with her phone distorted six spoon of fix now been five weeks slabs of blue cheese and snack beforehand brother bobby when when elsa need as a small plastic locking up a big frog for the keys shes gone shes got school daddys finger into the three handbags where well go meet with me at this thing station ,130,34
Portuguese,b'portuguese8.wav',please call stella ask her to bring these things with her from the store six pounds of fresh snow peas v fix slabs of blue cheese and maybe a snack for her brother bob we also need a small plastic snake and a big toy frog for the kids she can scoop the things that youre free red bags and well go meet her wednesday at the train station ,30,9
Portuguese,b'portuguese9.wav',please call stella ask her to bring these things with their from the store six spoons of rice no peas five thick slabs of blue cheese and maybe a snack for her brother bob we also need a small plastic snake and a big toy frog for the kids she can scoop these things into three red bags and well go meet her wednesday at the train station ,16,5
Spanish,b'spanish11.wav',please call stella ask her to bring these things with her from the store six spoons of fresno pace five big slabs of blue cheese and maybe a snack for her brother bob we also need a small plastic a snack ate a big toy prop for the kids she can cook these things into three right backs and we will go meet her wednesday at the train station ,32,13
Spanish,b'spanish5.wav',please call stella ask her to bring these things from ask her to bring these things with her from the store six pounds of fresh snow peas five big slabs of blue cheese and maybe a snack for her brother bob we also need a small plastic snake and a big toy frog for the kids she can scoop these things into three bread bags and we will go meet her wednesday at the train station ,47,11
Spanish,b'spanish4.wav',please call stella ask her to bring these things with her with her friend that store six spoons of each snow is fivesix0 laps of plushies in maybe a snack for her brother fall he always so need a small plastic is not being a big toy from for that kids she kicking is cove these things into three red bags and well go meet their meet her wednesday at that train station ,88,24
Spanish,b'spanish10.wav',please call estella has her to bring this thing with her from the start sick is bones on francis now funny things loves of blue cheese and maybe a snack for her brother bob we also need a small plastic snake and a big toy afro from the kids chicken is cooked dancing intertrade red bags and we will go meet her wednesday at the train station ,67,23
Spanish,b'spanish12.wav',please call ive had to bring this things we hear from the store six poem of snow psl fight fighting law of blue cheese striped flag we also need a small plastic plate proflo for the kid chicken coop testing into three red bug and we will go meet other train station ,130,38
Spanish,b'spanish6.wav',please call stella ask her to bring these things with her from the store six moons of fresno pace fivex laps of lucious and maybe a snack for her brother but we also need a small plastic snake and a big toy frog for the kids chicken scoop these things into three right back and we will go meet her wednesday at the train station ,42,14
Spanish,b'spanish7.wav',please call stella ask her to bring these things with her from the store six forks spoons of rice is not snow beans five thinks love of blue cheese and maybe a snack for her brother but we also need a small plastic snack and a big toy from for the kids she can cook these things into three rate box and we will go to we will go meet her wednesday and the train station ,57,18
Spanish,b'spanish13.wav',please call stella ask her to bring these things with her from with her from the store six pounds of fresh snow peas five takes slabs of blue cheese and maybe a snack for her brother bob we also need a small plastic snake and a big toy frog for the kids chicken scoop these things into three right backs and we woke up and we will go meet her wednesday and the train station ,54,13
Spanish,b'spanish3.wav',please call estella ask her to bring these things with her from the store six point of precious no beans five things two slabs of blue cheese and maybe a snack for her brother bob we also need a small plastic snake a big toy frog for the kids chicken in school best these things into the redbox we will we will go meet her wednesday at the train station ,55,18
Spanish,b'spanish2.wav',please call stella ask her to bring these things with hair from the  six spoons of fresh snow peas fivefive0 slaps of blue cheese and maybe a snack for her brother bob we also need a small plastic snake and a big toy from frog for the kids chicken scoop this scenes in 2three direct box and we will go meet her wednesday at the train station ,45,14
Spanish,b'spanish14.wav',please call estella ask her to bring these things with her front lister sixs plus of fresh snow peas five pink slab of blue cheese and maybe a snack for her brother but we also need a small plastic snape snake and a big toy frog for the kids chicken is cooked these things into three00 bags and we will go meet her wednesday and the train station ,46,16
Spanish,b'spanish1.wav',please call stella ask her to bring these things with her from the store six a spoon or fresno piece of blue cheese and maybe a snack for her brother but we also need a small plastic snake and a big toy frog for the keys she can ask who this sings into three redbox and we will go meet her wednesday and the train station ,50,19
Spanish,b'spanish15.wav',please call estella ask her to bring the things with her from the store sixs pools of precious now please five fixes life of brushes a maybe is not for her but we also need is more plastic is neck and a victory for the kids chicken is cooked these things into three redbox and we we go meet her wednesday at the china station ,91,31
Spanish,b'spanish9.wav',please call stella ask her to bring this thing with her from the store see a spoon six spoon of fresh snow peas five big slabs of blue sheets and maybe a snack for her brother but we also need a small plastic a snake and a big toy frog the case for the kids she can school the thing into three right backs and we will go meet her wednesday at the train station ,50,16
Spanish,b'spanish8.wav',please call stella ask her to bring these things with her from the store six pounds of fresh snow peas fight thick slabs of blue cheese and maybe a snack for her brother bob we also need a small plastic snake and a big toy frog for the kids she can scoop these things into three redbox and we will go meet her wednesday at the train station ,15,4
Tagalog,b'tagalog2.wav',please call stella ask her to bring these things with her from the store six spoons of fresh snow peas fivefivesix slabs of blue cheese and maybe a snack for her brother bob we also need a small plastic snake and a big toy for frog for her two kids we can scoop things distance into three red bags and we will go meet her wednesday at the train station ,35,8
Tagalog,b'tagalog3.wav',please call stella ask her to bring these things with her from the store six spoons of fresh snow peas five thick slabs of blue cheese and maybe a snack for her brother bob we also need a small plastic snake and a big toy frog for the kids she can scoop these things into three red bags and we will go meet her wednesday at the train station ,5,0
Tagalog,b'tagalog1.wav',please call stella ask her to bring these things with her from the store six pounds of fresh snow peas five six laps of blue cheese and maybe a snap for her brother bob you also need a small plastic snake in a big toy frog for the kids she can cook these things into three bags and we will go meet her wednesday at the train station ,26,9
Tagalog,b'tagalog14.wav',please call stella ask her to bring these things with her from the store six spoon or fresh snow peas five thick slab of blue cheese and maybe a snack for her brother but we also need a small plastic snake in a big toy frog for the kids chicken scoop this thing into three red bags and we will go meet her wednesday on the train station ,22,10
Tagalog,b'tagalog15.wav',please call stella ask her to bring these things with her from the store six spoons of fresh snow peas five thick slabs of blue cheese and maybe a snack for her brother bob we also need a small plastic snake and a big toy frog for the kids she can scoop this things into three red bags and we will go meet her wednesday at the train station ,7,1
Tagalog,b'tagalog4.wav',please call stella ask her to bring these things was her from the store six pools of fresh snow peas five six laps of blue cheese and maybe a snack for my brother bob a small plastic snake and a big toy frog for the kids chicken scoop of these things into three red bags and we will go meter wednesday at the train station ,43,14
Tagalog,b'tagalog11.wav',please call stella ask her to bring these things with her from the store six spoon of fresno please buy big slab of blue cheese and maybe its not for her brother bob we also need a small plastic snake and a big toy frog for the kids sick and school distance into three red bugs and we will go meet her wednesday at the train station ,44,18
Tagalog,b'tagalog10.wav',please call stella ask her to bring things with her from the store six pounds of fresh snow peas five six flags of blue cheese and maybe a snack for her brother bob we also need a small plastic snake in a big toy frog for the kids she can skip this things into three red bat bags and we will go meet her wednesday at the train station ,31,8
Tagalog,b'tagalog5.wav',please call stella sweetheart from the store six points of fresh snow peas bad for a brother bob we also need a small plastic snake the kids she can go meet her wednesday at the train station ,163,35
Tagalog,b'tagalog7.wav',please call stella ask her to bring these things with her from the store six points of fresh snow peas v take slabs of blue cheese and maybe a snack for her brother boat we also need two small plastic snake and a big toy frog for the kids she can scoop these things into three red bags and we would go meet wednesday at the train station ,26,7
Tagalog,b'tagalog12.wav',please call stella ask her to bring these things with her from the store six prince of fresh snow peas five six flags of blue cheese and maybe a snack for her brother bob we also need a small plastic snake and a big toy frog for the kids she can scoop these things into three red bags and we will go meet her wednesday at the train station ,16,4
Tagalog,b'tagalog13.wav',please call stella ask her to bring these things with hair from the store six teaspoons of fresh snow peas five thick slabs of blue cheese and maybe a snack for her brother bob we also need a small plastic snake and a big toy frog for the kids seekins scope these things into three red bags and we will go meet her wednesday at the train station ,17,5
Tagalog,b'tagalog6.wav',please call stella ask her to bring these things with her from the store six spoons of fresh snow peas buy big slabs of blue cheese and maybe a snack for her brother bob we also need the small plastic snake in a big toy frog for the kids she can scoop these things into three red bags and we will go meet her wednesday at the train station ,18,6
Tagalog,b'tagalog8.wav',please call stella ask her to bring these things with her from the store six months of brass no peace by big slab of blue cheese and maybe a snack for her brother but we also need a small plastic snake and a bee toy frog for the kids ii school district things into three red bags and we will go meet her one day at the train station ,50,13
Tagalog,b'tagalog9.wav',please call stella ask her to bring these things with her from the store six spoons of fresh snow peas five big slabs blue cheese and maybe a snack for her brother bob we also need a small plastic snake in a big toy frog for the kids she can scoop this things into three red bags and we will go meet her wednesday at the train station ,16,5
Vietnamese,b'vietnamese1.wav',please call carolyn ask her to bring these things with her from the  six bones of france no teeth fighting types of blue teeth and maybe a snack for rod above we also need a small snack and a big toy frog founded kids chicken scoop these things into three right back and we will go meet her at the train station ,90,23
Vietnamese,b'vietnamese14.wav',because stella ask her to bring those things with her from the store six pills of fresno peace fighting a blue cheese and maybe a snack for her brother bob we also need a small plastic snack and a big toy fox for the kiss chicken scoop bursting into tree right back and we will go meet her wednesday at the train station ,62,23
Vietnamese,b'vietnamese2.wav',baked understand stana i had to bring that paints with her from the store chick spoons are professional means the fighting slap loaches and maybe hes nice for her brother pop we also need a small black snake and a big store broken the kids chicken screw into that great back and we will go meet her to wendys and the train station ,126,39
Vietnamese,b'vietnamese3.wav',please call stella ask her to bring these things with her problems are disposed of fresh snow peas phytic upload she and maybe a snack for her brother bob we also need a small plastic snake and a toy frog for the kids these things into tree with bats and we will go meet her wednesday at the train station ,66,18
Vietnamese,b'vietnamese15.wav',play godzilla ask her to bring this thing with her from the star of fresno peace slap up blue cheese and maybe a snack for her brother but we also need a small plastic snake and appetite for 4 seconds is in 2three red fast and we will go met her at this train station ,110,33
Vietnamese,b'vietnamese11.wav',please call stella ask her to bring these things with her from the store hours of fresh snow space by thix lips blue cheese and maybe its for her brother but we also need to smoke chicken wings into three and we will meet her at the train station ,124,32
Vietnamese,b'vietnamese7.wav',steve said to bring these things with her from the store six pools are of fresno peace blue cheese for her brother bob for the kids to the train station ,209,47
Vietnamese,b'vietnamese6.wav',need constellar result from the star six spoons of fresno fish and feeling sonic in a small black snake and a big toy pop for the fish she can screw into jake and we will go back to him ,195,45
Vietnamese,b'vietnamese10.wav',please call stella to bring these things with her from the store of snow please of floaties maybe a snack for her brother we also need a small plastic snake and a big toy for the kids she can just go into three rednecks and we will ,128,27
Vietnamese,b'vietnamese12.wav',please call stella ask her to bring these things with her from the store six food store fresh snow peas by thick slabs of blue cheese and maybe a snack for her brother ball we also need a small plastic snake and a big toy frog for the kids she can scoop these things into three red bags and we will go meet her wednesday at the train station ,18,5
Vietnamese,b'vietnamese4.wav',please call stella ill tell her to bring these things with her for almost all six moon of fresh snow beast five take slap a blue cheese and maybe a snack with her brother but also need of small plastic snake and a big toy frog for the keys she can school things into three red bags and well go meet her wednesday for the strain station ,61,19
Vietnamese,b'vietnamese5.wav',play korn stella ask her to bring these things with her from the store spoons of fresh snow peas fighted slab of a blue cheese and maybe a snack for her product but we also need a small black snake and a big toy fruit for the kids into three rapist and we will miss her wednesday at the train station ,81,20
Vietnamese,b'vietnamese13.wav',please call stella ask her to bring these things with her from the store six oz of breastmilk piece fanfic slap to pooches a maybe is not for profit bob ross need a small person snapon big toy truck with the kids in school please twins until free redbox how we will commuter west end train station ,124,41
Vietnamese,b'vietnamese8.wav',because i said to bring these things with her from the store six spoon of fresh snow peas a blue cheese and a big toy truck for the kids chicken scoop these things into trader i need for you to go meet her wednesday at the train station ,145,32
Vietnamese,b'vietnamese9.wav',please call stellar ask her to bring these things we heard from the store six points are fresno please upload cheese maybe a snack for her brother also need a small plastic for the kids next wednesday and a translation ,153,39
smallRussia,b'russian5.wav',please call stella ask her to bring those things with her from the store six points and fred of fresh snow pierce five six slabs or blue cheese blue cheese and maybe a snack for her brother bob we also need a small plastic snake and big toy frog for the kids chicken scoop list things into a free red box and then well go mad from wednesday and then train station ,70,22
smallRussia,b'russian7.wav',i please call stella ask her to bring these things with her from the store six spoons of fresh snow peas five six flags of blue cheese and maybe a snack for her brother bob will also need a small plastic snake and a big toy frog for the kids she can scoop the same size and 2three red bags and we will go meet your wednesday as a train station ,35,13
smallRussia,b'russian6.wav',please call stella ask her to bring these things with her home from store six pounds of fresh snow peas five takes lots of blue cheese and maybe a snack for your brother bob also need a small plastic snake and a big toy frog for the kids she can scoop holder think into three red bags and we will go meet her wednesday at the train station ,35,8
Russian,b'russian12.wav',please call stella ask her to bring the sings video from the store six pools of fresh snow peas dicks left so blue cheese and maybe a snack for her brother box we also need a small plastic snake because broke for the kids she can score the sinks into three red bags and leave you could go meet her ,91,25
Russian,b'russian13.wav',please call stella all care to bring these things with her from the store exclusive first listen to you five six flags of lychee you have made it back for you also need a small plastic snake on the big toy truck for the kids ,183,42
Russian,b'russian11.wav',please call stella ask you to bring these things with her from the store six spoons of fresh snow peas five thick slabs of blue cheese and maybe a snack for her brother bob we also need a small plastic snake and a big toy frog for the kids she can scoop these things into three red bags and well go meet her wednesday at the train station ,11,3
Russian,b'russian8.wav',please call me stella ask him to bring these things just here from the store six points of fresh snow peas v sick slabs of blue cheese and maybe a snack for her brother bob wilson is a small plastic snake and a big toy frog for the kids chicken scoop this things into siri read back and we will go meet her wednesday at the train station ,44,15
Russian,b'russian9.wav',please call stella ask her to bring these things with her from the store six pills of fresh snow peas five thick slabs of blue cheese and maybe a snack for her brother bob we also need a small plastic snake in the big boi frog for the kids she can screw this things in the three red bags and we will go if it wednesday at the train station ,31,11
Russian,b'russian10.wav',please call stella ask her to bring these things with her from the star chick spoons of fresh snow peas that accepts of blue cheese by bassnectar above ozonator small plastic snake in a big toy trucks with the kids she can scoop this things into three red backs and well go meet her wednesday the train station ,81,26
Russian,b'russian14.wav',please call stella ask her to bring these things from this girl from the store six points of fresh snow stick slabs of blue cheese snack for her brother bob you also need a small plastic snake and the default frog for the kids she can screw this things into three red bags and wednesday at the train station ,77,22
Russian,b'russian15.wav',please call stella ask her to bring these things from her to be sore from the store six pounds of fresh snow peas fivesix of blue cheese and a snack for her brother ball we also need a small plastic snake and the frog for the chicken scoop this thing into three red backs and we will meet every will go to meet her wednesday at the train station ,84,22
Russian,b'russian2.wav',please call stella ask her to bring these things with your from the store six pools of rational pierce v fixed slabs of blue cheese and maybe a snack for her brother bob will also need a small plastic snake and a big toy frog for the kids chicken school list banks and 2three red bags and we will go meet here wednesday at the train station ,53,18
Russian,b'russian3.wav',please call stella to bring these things with her from the store six bones of fresh snow peas five slabs of blue cheese and maybe a snack for her brother bob also need a small plastic snake and the big toy frog for the kids chicken school listings in 2three red bags and we will go meet her wednesday at the train station ,45,14
Russian,b'russian1.wav',please call stella ask her to bring leave things with your from the store six points of fresh snow peas fivesix lips of blue cheese and maybe a snack for her brother bob wilson need a small plastic snake and big toy frog for the kids chicken scoop with sinks into free redbox and we will go meet your wednesday at the train station ,51,18
Russian,b'russian4.wav',a plea School Stella ask her to bring Lisa Fink so we've heard from store 6. So fresh snow peas of 556 flavor of blue cheese and Tammy B is Nick for her brother but we also need a small ballistic of snake and a big toy from Toy frog for the kids as she can scoop poop I don't know all these fields intro video. Bags and we will go me to Shorter Vince day at church of the train stationscoop poop I don't know all these fields intro video. Bags and we will go me to Shorter Vince day at church of the train station,34,245